drug,date,forecast,ci_lower,ci_upper
Acenocoumarol,2023-01-01,2.28717421903135,2.0140863286825272,2.560262109380173
Acenocoumarol,2023-02-01,2.3284815615595713,2.0553820667854374,2.601581056333705
Acenocoumarol,2023-03-01,2.421850328081775,2.153914305448213,2.6897863507153374
Acenocoumarol,2023-04-01,2.2721569438416687,2.004221273926928,2.5400926137564093
Acenocoumarol,2023-05-01,2.19820765196849,1.930285229263943,2.466130074673037
Acenocoumarol,2023-06-01,2.2709482428737218,2.0030258242965755,2.538870661450868
Acenocoumarol,2023-07-01,2.3060441408350205,2.0381217558064275,2.5739665258636135
Acenocoumarol,2023-08-01,2.0738616582250047,1.8059392732208472,2.341784043229162
Acenocoumarol,2023-09-01,2.146185166808734,1.8782627818892474,2.4141075517282204
Acenocoumarol,2023-10-01,2.1442643923773033,1.876342007457929,2.412186777296678
Acenocoumarol,2023-11-01,2.1699460470294367,1.9020236621102753,2.437868431948598
Acenocoumarol,2023-12-01,2.1588568336324157,1.8909344487132547,2.4267792185515766
Acenocoumarol,2024-01-01,2.0343490734890857,1.7653499233487338,2.3033482236294374
Acenocoumarol,2024-02-01,2.0713714953651716,1.8023722538950728,2.34037073683527
Acenocoumarol,2024-03-01,2.1505860767056655,1.8859929485255638,2.415179204885767
Acenocoumarol,2024-04-01,2.0176000882190186,1.753007336917122,2.2821928395209152
Acenocoumarol,2024-05-01,1.9521160549295746,1.687534590528763,2.216697519330386
Acenocoumarol,2024-06-01,2.01671740665583,1.7521359460955908,2.2812988672160697
Acenocoumarol,2024-07-01,2.047874833718507,1.7832934017357402,2.3124562657012735
Acenocoumarol,2024-08-01,1.8416856316454029,1.5771041996846078,2.106267063606198
Acenocoumarol,2024-09-01,1.9059127584464288,1.6413313265577418,2.170494190335116
Acenocoumarol,2024-10-01,1.904207040637125,1.6396256087485372,2.168788472525713
Acenocoumarol,2024-11-01,1.9270135269291397,1.6624320950407334,2.191594958817546
Acenocoumarol,2024-12-01,1.9171657858412956,1.6525843539528897,2.1817472177297015
Acenocoumarol,2025-01-01,1.8065970757240668,1.5411554257429112,2.0720387257052226
Acenocoumarol,2025-02-01,1.8394747170866335,1.5740329941152456,2.1049164400580214
Acenocoumarol,2025-03-01,1.909820968253968,1.6478950394230685,2.1717468970848675
Acenocoumarol,2025-04-01,1.7917231938585991,1.5297975652705587,2.0536488224466396
Acenocoumarol,2025-05-01,1.7335703111582632,1.4716536743262134,1.995486947990313
Acenocoumarol,2025-06-01,1.7909393313714799,1.5290226975990246,2.052855965143935
Acenocoumarol,2025-07-01,1.818608583100267,1.5566919720940775,2.0805251941064564
Acenocoumarol,2025-08-01,1.6355029330582238,1.373586322069538,1.8974195440469097
Acenocoumarol,2025-09-01,1.692539624043941,1.4306230131127002,1.9544562349751817
Acenocoumarol,2025-10-01,1.6910248668931278,1.4291082559619661,1.9529414778242895
Acenocoumarol,2025-11-01,1.711278092841368,1.4493614819103509,1.9731947037723852
Acenocoumarol,2025-12-01,1.7025328384090042,1.4406162274779872,1.964449449340021
Acenocoumarol,2026-01-01,1.604342655136721,1.3417405338690171,1.866944776404425
Acenocoumarol,2026-02-01,1.633539537577767,1.3709373581255706,1.8961417170299635
Acenocoumarol,2026-03-01,1.696010297047741,1.436207105013281,1.9558134890822012
Acenocoumarol,2026-04-01,1.5911339527398847,1.3313309994196512,1.8509369060601182
Acenocoumarol,2026-05-01,1.5394914744645785,1.2796956701987117,1.7992872787304452
Acenocoumarol,2026-06-01,1.5904378462085802,1.3306420443752898,1.8502336480418706
Acenocoumarol,2026-07-01,1.6150094351814104,1.3552136514487798,1.874805218914041
Acenocoumarol,2026-08-01,1.4524030584157173,1.1926072746970031,1.7121988421344314
Acenocoumarol,2026-09-01,1.503054306270507,1.2432585225974655,1.7628500899435486
Acenocoumarol,2026-10-01,1.5017091311111546,1.2419133474381758,1.7615049147841333
Acenocoumarol,2026-11-01,1.5196949425184163,1.2598991588455524,1.7794907261912802
Acenocoumarol,2026-12-01,1.5119287477733916,1.2521329641005279,1.7717245314462553
Acenocoumarol,2027-01-01,1.4247312749908794,1.1643903248451726,1.6850722251365862
Acenocoumarol,2027-02-01,1.4506594714474184,1.190318475017309,1.7110004678775277
Acenocoumarol,2027-03-01,1.50613642613932,1.2480195936630214,1.7642532586156185
Acenocoumarol,2027-04-01,1.4130013298033186,1.1548846868134324,1.6711179727932048
Acenocoumarol,2027-05-01,1.3671403949953511,1.1090294267606309,1.6252513632300714
Acenocoumarol,2027-06-01,1.4123831546630519,1.1542721883592497,1.670494120966854
Acenocoumarol,2027-07-01,1.4342038743040373,1.1760929223680832,1.6923148262399914
Acenocoumarol,2027-08-01,1.2898018104747917,1.031690858549884,1.5479127623996993
Acenocoumarol,2027-09-01,1.334782486332895,1.0766715344442412,1.5928934382215487
Acenocoumarol,2027-10-01,1.3335879079093058,1.075476956020702,1.5916988597979096
Acenocoumarol,2027-11-01,1.3495601492107314,1.0914491973222187,1.6076711010992442
Acenocoumarol,2027-12-01,1.3426634052355715,1.084552453347059,1.600774357124084
Acenocoumarol,2028-01-01,1.2652279732375211,1.006684190798442,1.5237717556766002
Acenocoumarol,2028-02-01,1.2882534237405436,1.0297096045466099,1.5467972429344774
Acenocoumarol,2028-03-01,1.3375195528543824,1.0807404398972247,1.5942986658115401
Acenocoumarol,2028-04-01,1.2548112335783597,0.9980322708337899,1.5115901963229295
Acenocoumarol,2028-05-01,1.2140845796356827,0.9573101154600692,1.4708590438112963
Acenocoumarol,2028-06-01,1.254262265156346,0.9974878025114324,1.5110367278012595
Acenocoumarol,2028-07-01,1.273640084237439,1.0168656329823755,1.5304145354925023
Acenocoumarol,2028-08-01,1.1454043012816943,0.8886298500353879,1.402178752528001
Acenocoumarol,2028-09-01,1.185349244127963,0.928574792910396,1.4421236953455299
Acenocoumarol,2028-10-01,1.1842884026455855,0.9275139514280581,1.441062853863113
Acenocoumarol,2028-11-01,1.1984724995658926,0.9416980483484375,1.4552469507833479
Acenocoumarol,2028-12-01,1.1923478685180582,0.9355734173006033,1.4491223197355132
Acenocoumarol,2029-01-01,1.1235815850767883,0.8664639569557029,1.3806992131978737
Acenocoumarol,2029-02-01,1.14402926148019,0.8869116042124565,1.4011469187479233
Acenocoumarol,2029-03-01,1.1877798871470264,0.9320606713718043,1.4434991029222486
Acenocoumarol,2029-04-01,1.114331033314465,0.8586119364919381,1.3700501301369918
Acenocoumarol,2029-05-01,1.0781638607892678,0.8224483263573394,1.3338793952211963
Acenocoumarol,2029-06-01,1.113843523693424,0.8581279904736461,1.3695590569132021
Acenocoumarol,2029-07-01,1.131051932880547,0.8753364086803088,1.3867674570807853
Acenocoumarol,2029-08-01,1.0171725630557624,0.7614570388624586,1.2728880872490662
Acenocoumarol,2029-09-01,1.0526455395851761,0.796930015414631,1.3083610637557213
Acenocoumarol,2029-10-01,1.051703462758314,0.7959879385878001,1.3074189869288277
Acenocoumarol,2029-11-01,1.064299603878891,0.8085840797084345,1.3200151280493475
Acenocoumarol,2029-12-01,1.0588606452040144,0.803145121033558,1.3145761693744706
Acenocoumarol,2030-01-01,0.9977929709325758,0.741805650300346,1.2537802915648055
Acenocoumarol,2030-02-01,1.015951463433878,0.7599641197143201,1.2719388071534359
Acenocoumarol,2030-03-01,1.0548040642098941,0.7999238204892481,1.30968430793054
Acenocoumarol,2030-04-01,0.9895780485377205,0.7346978989351659,1.2444581981402751
Acenocoumarol,2030-05-01,0.9574599086505479,0.7025825776886738,1.212337239612422
Acenocoumarol,2030-06-01,0.9891451172049208,0.734267787202125,1.2440224472077166
Acenocoumarol,2030-07-01,1.0044269889941149,0.7495496661277643,1.2593043118604654
Acenocoumarol,2030-08-01,0.9032967851401279,0.6484194622792641,1.1581741080009917
Acenocoumarol,2030-09-01,0.9347984465318873,0.6799211236890306,1.189675769374744
Acenocoumarol,2030-10-01,0.9339618382709417,0.6790845154281098,1.1888391611137736
Acenocoumarol,2030-11-01,0.9451478004101553,0.6902704775673687,1.200025123252942
Acenocoumarol,2030-12-01,0.9403177508551746,0.685440428012388,1.195195073697961
Apixaban,2023-01-01,10.124023874228465,9.664548983255852,10.583498765201078
Apixaban,2023-02-01,10.891856440922888,10.417925878103933,11.365787003741843
Apixaban,2023-03-01,10.86493226243114,10.36477976433457,11.36508476052771
Apixaban,2023-04-01,11.015645098100737,10.447461623761873,11.583828572439602
Apixaban,2023-05-01,10.690323858885465,10.101418417796497,11.279229299974434
Apixaban,2023-06-01,11.307116511169342,10.718213234733241,11.896019787605443
Apixaban,2023-07-01,11.342605871474909,10.741881432619241,11.943330310330577
Apixaban,2023-08-01,10.82041456659657,10.210251717451754,11.430577415741386
Apixaban,2023-09-01,11.609432320107345,10.996657769513487,12.222206870701203
Apixaban,2023-10-01,10.964051090620616,10.350383042098363,11.57771913914287
Apixaban,2023-11-01,11.820748666952444,11.20500773582509,12.436489598079797
Apixaban,2023-12-01,12.023163883544566,11.405093715945277,12.641234051143854
Apixaban,2024-01-01,11.326489254542683,10.68416810190826,11.968810407177106
Apixaban,2024-02-01,12.164297065673916,11.519530543263349,12.809063588084483
Apixaban,2024-03-01,12.226858819785244,11.581732823030686,12.871984816539802
Apixaban,2024-04-01,12.051062768831667,11.398982096101804,12.70314344156153
Apixaban,2024-05-01,12.144930340776725,11.490802481171476,12.799058200381973
Apixaban,2024-06-01,12.580225363480968,11.92575046089708,13.234700266064857
Apixaban,2024-07-01,12.30743781146729,11.6517402861523,12.96313533678228
Apixaban,2024-08-01,12.137974486222792,11.481770649598861,12.794178322846722
Apixaban,2024-09-01,12.822839579389441,12.165860499745538,13.479818659033345
Apixaban,2024-10-01,12.125150305042347,11.468109426017394,12.7821911840673
Apixaban,2024-11-01,12.986013608536714,12.329043770179666,13.642983446893762
Apixaban,2024-12-01,13.102206741582435,12.444710260590396,13.759703222574474
Apixaban,2025-01-01,12.544838039216868,11.796917096963831,13.292758981469905
Apixaban,2025-02-01,13.34169517389194,12.58949613586826,14.093894211915622
Apixaban,2025-03-01,13.348703941606516,12.589922421202061,14.10748546201097
Apixaban,2025-04-01,13.373518096400993,12.586070210065188,14.160965982736798
Apixaban,2025-05-01,13.209665470906875,12.415308045565286,14.004022896248465
Apixaban,2025-06-01,13.756472402196277,12.962030099448402,14.550914704944152
Apixaban,2025-07-01,13.674107360600404,12.873824409878733,14.474390311322075
Apixaban,2025-08-01,13.287237932578382,12.484264963325876,14.090210901830888
Apixaban,2025-09-01,14.03588778203266,13.231161613274969,14.84061395079035
Apixaban,2025-10-01,13.370716562326935,12.56540707888377,14.1760260457701
Apixaban,2025-11-01,14.229250273612646,13.423735939677243,15.034764607548048
Apixaban,2025-12-01,14.39840017307694,13.591366127934066,15.205434218219814
Apixaban,2026-01-01,13.755098822821612,12.909530807375653,14.600666838267571
Apixaban,2026-02-01,14.577291007689109,13.730023300059063,15.424558715319154
Apixaban,2026-03-01,14.618499830194818,13.770307959365018,15.466691701024617
Apixaban,2026-04-01,14.5194008119539,13.658615071667418,15.380186552240383
Apixaban,2026-05-01,14.51488057427818,13.651952288184242,15.377808860372118
Apixaban,2026-06-01,14.992679137408295,14.12946302421608,15.855895250600511
Apixaban,2026-07-01,14.79262385106561,13.926725756776408,15.658521945354812
Apixaban,2026-08-01,14.540154984610474,13.67384228851949,15.406467680701459
Apixaban,2026-09-01,15.249365160866343,14.381849623574185,16.116880698158504
Apixaban,2026-10-01,14.564112871407467,13.696332354676054,15.43189338813888
Apixaban,2026-11-01,15.424047238552506,14.556543769036516,16.291550708068495
Apixaban,2026-12-01,15.560465285108359,14.692014610527128,16.42891595968959
Apixaban,2027-01-01,14.970316779048813,14.043156972831127,15.8974765852665
Apixaban,2027-02-01,15.776820791541466,14.847868461011455,16.705773122071477
Apixaban,2027-03-01,15.796894039480812,14.865606927474595,16.72818115148703
Apixaban,2027-04-01,15.774429144134995,14.823206511686285,16.725651776583707
Apixaban,2027-05-01,15.671357160401321,14.717043536121862,16.62567078468078
Apixaban,2027-06-01,16.19184652053785,15.23734962818152,17.146343412894183
Apixaban,2027-07-01,16.06457571440108,15.105626361155819,17.023525067646343
Apixaban,2027-08-01,15.72898117027947,14.769298302519685,16.688664038039253
Apixaban,2027-09-01,16.462588395081013,15.501279938279119,17.42389685188291
Apixaban,2027-10-01,15.789751858335032,14.827927768290884,16.75157594837918
Apixaban,2027-11-01,16.648821922110844,15.687367223016372,17.61027662120532
Apixaban,2027-12-01,16.805485211673894,15.842650416225469,17.768320007122316
Apixaban,2028-01-01,16.182459807715244,15.177585354736575,17.187334260693913
Apixaban,2028-02-01,16.998668619478824,15.993014249112386,18.004322989845264
Apixaban,2028-03-01,17.031813693458453,16.0255955408744,18.038031846042507
Apixaban,2028-04-01,16.961950254902245,15.941175169072912,17.982725340731577
Apixaban,2028-05-01,16.91983307890699,15.897673010239307,17.94199314757467
Apixaban,2028-06-01,17.4139177723222,16.391473276849844,18.436362267794557
Apixaban,2028-07-01,17.2416300840486,16.215800764083802,18.2674594040134
Apixaban,2028-08-01,16.95744881591903,15.931687528364753,17.983210103473308
Apixaban,2028-09-01,17.675966134015688,16.648754176954416,18.70317809107696
Apixaban,2028-10-01,16.99545069104936,15.967839819468669,18.02306156263005
Apixaban,2028-11-01,17.855055437391055,16.82798040616557,18.88213046861654
Apixaban,2028-12-01,17.99919690443233,16.970930392785412,19.02746341607925
Apixaban,2029-01-01,17.396505876271227,16.32013542361028,18.472876328932173
Apixaban,2029-02-01,18.20671229111957,17.129847504380084,19.283577077859054
Apixaban,2029-03-01,18.231772415338735,17.15423957661335,19.30930525406412
Apixaban,2029-04-01,18.191224855348953,17.096639089854737,19.28581062084317
Apixaban,2029-05-01,18.111407370908402,17.01551932469427,19.207295417122534
Apixaban,2029-06-01,18.621823208575563,17.525687287294417,19.71795912985671
Apixaban,2029-07-01,18.477378293814937,17.377151972496442,19.57760461513343
Apixaban,2029-08-01,18.16139811948322,17.061374569475266,19.261421669491174
Apixaban,2029-09-01,18.889248485491194,17.78757448394477,19.99092248703762
Apixaban,2029-10-01,18.21348242428602,17.111288786183344,19.315676062388697
Apixaban,2029-11-01,19.072756445624286,17.97123522361362,20.174277667634954
Apixaban,2029-12-01,19.224642615904955,18.12172738920043,20.32755784260948
Apixaban,2030-01-01,18.60937487523582,17.46460071635978,19.754149034111858
Apixaban,2030-02-01,19.42329373233806,18.278575372042738,20.56801209263338
Apixaban,2030-03-01,19.453354370277385,18.30871002748807,20.5979987130667
Apixaban,2030-04-01,19.39467507766093,18.23493667696927,20.554413478352593
Apixaban,2030-05-01,19.33817504702255,18.17794324638659,20.498406847658508
Apixaban,2030-06-01,19.838490157948332,18.6779585730172,20.999021742879464
Apixaban,2030-07-01,19.67682461937865,18.51255800883715,20.84109122992015
Apixaban,2030-08-01,19.380511913829096,18.216841760002357,20.544182067655836
Apixaban,2030-09-01,20.10258983748273,18.937306221238035,21.26787345372742
Apixaban,2030-10-01,19.4238863040369,18.25811802954268,20.589654578531118
Apixaban,2030-11-01,20.283364878846736,19.118369114601414,21.44836064309206
Apixaban,2030-12-01,20.430460988266706,19.264117217535265,21.596804758998147
Bemiparin,2023-01-01,1.2896990522237253,-55148639.39258477,55148641.97198288
Bemiparin,2023-02-01,1.4897452851723436,-83601088.72654666,83601091.70603724
Bemiparin,2023-03-01,1.41974528517234,-95956633.54864302,95956636.38813359
Bemiparin,2023-04-01,1.3897452851723358,-106893446.97618806,106893449.75567862
Bemiparin,2023-05-01,1.4297452851723378,-116810712.17420627,116810715.03369685
Bemiparin,2023-06-01,1.529745285172339,-125949497.56321788,125949500.62270844
Bemiparin,2023-07-01,1.4697452851723376,-134468618.7762893,134468621.71577987
Bemiparin,2023-08-01,1.2397452851723338,-142479272.13001963,142479274.6095102
Bemiparin,2023-09-01,1.509745285172336,-150062908.12844655,150062911.14793715
Bemiparin,2023-10-01,1.469745285172338,-157281308.15788996,157281311.09738052
Bemiparin,2023-11-01,1.589745285172338,-164182652.38834098,164182655.56783155
Bemiparin,2023-12-01,1.519745285172337,-170805377.13207567,170805380.17156625
Bemiparin,2024-01-01,1.339444337396062,-199071669.22094202,199071671.8998307
Bemiparin,2024-02-01,1.5394905703446808,-227408671.46345693,227408674.5424381
Bemiparin,2024-03-01,1.469490570344677,-246147999.9308406,246148002.86982173
Bemiparin,2024-04-01,1.439490570344673,-263558289.32328048,263558292.2022616
Bemiparin,2024-05-01,1.4794905703446748,-279887666.46286327,279887669.4218444
Bemiparin,2024-06-01,1.579490570344676,-295315491.9230097,295315495.0819908
Bemiparin,2024-07-01,1.5194905703446746,-309976408.4523671,309976411.4913483
Bemiparin,2024-08-01,1.2894905703446709,-323974548.2903447,323974550.8693259
Bemiparin,2024-09-01,1.559490570344673,-337392415.0889473,337392418.2079284
Bemiparin,2024-10-01,1.519490570344675,-350296696.79251033,350296699.83149153
Bemiparin,2024-11-01,1.639490570344675,-362742208.31780815,362742211.59678924
Bemiparin,2024-12-01,1.569490570344674,-374774657.28716284,374774660.42614394
Bemiparin,2025-01-01,1.389189622568399,-403437533.62316823,403437536.40154743
Bemiparin,2025-02-01,1.5892358555170176,-432922036.4653353,432922039.643807
Bemiparin,2025-03-01,1.519235855517014,-455399046.1469397,455399049.1854114
Bemiparin,2025-04-01,1.48923585551701,-476817672.46716815,476817675.4456399
Bemiparin,2025-05-01,1.5292358555170118,-497314683.33250403,497314686.3909757
Bemiparin,2025-06-01,1.629235855517013,-516999705.68312585,516999708.9415976
Bemiparin,2025-07-01,1.5692358555170116,-535962216.2623979,535962219.4008696
Bemiparin,2025-08-01,1.3392358555170079,-554276374.2397163,554276376.9181881
Bemiparin,2025-09-01,1.60923585551701,-572004458.25701,572004461.4754817
Bemiparin,2025-10-01,1.569235855517012,-589199373.59066,589199376.7291316
Bemiparin,2025-11-01,1.689235855517012,-605906513.6006624,605906516.979134
Bemiparin,2025-12-01,1.619235855517011,-622165174.8835025,622165178.1219742
Bemiparin,2026-01-01,1.438934907740736,-652443958.3760314,652443961.2539012
Bemiparin,2026-02-01,1.6389811406893546,-683633164.5641627,683633167.8421249
Bemiparin,2026-03-01,1.568981140689351,-709119764.1114005,709119767.2493628
Bemiparin,2026-04-01,1.538981140689347,-733721592.9532782,733721596.0312406
Bemiparin,2026-05-01,1.5789811406893488,-757524858.983316,757524862.1412783
Bemiparin,2026-06-01,1.67898114068935,-780602618.4265318,780602621.7844942
Bemiparin,2026-07-01,1.6189811406893486,-803017424.5065395,803017427.7445017
Bemiparin,2026-08-01,1.3889811406893449,-824823326.849812,824823329.6277742
Bemiparin,2026-09-01,1.658981140689347,-846067406.3840092,846067409.7019714
Bemiparin,2026-10-01,1.618981140689349,-866790973.8175702,866790977.0555325
Bemiparin,2026-11-01,1.738981140689349,-887030511.4024283,887030514.8803905
Bemiparin,2026-12-01,1.668981140689348,-906818429.6553805,906818432.9933429
Bemiparin,2027-01-01,1.488680192913073,-938955887.978316,938955890.9556764
Bemiparin,2027-02-01,1.6887264258616916,-971986599.8003545,971986603.1778073
Bemiparin,2027-03-01,1.618726425861688,-1000110637.8616732,1000110641.099126
Bemiparin,2027-04-01,1.588726425861684,-1027465145.7177379,1027465148.8951907
Bemiparin,2027-05-01,1.6287264258616858,-1054110033.7362227,1054110036.9936757
Bemiparin,2027-06-01,1.728726425861687,-1080097819.9451694,1080097823.4026222
Bemiparin,2027-07-01,1.6687264258616856,-1105474847.4853806,1105474850.8228335
Bemiparin,2027-08-01,1.4387264258616819,-1130282255.274125,1130282258.151578
Bemiparin,2027-09-01,1.708726425861684,-1154556760.6756513,1154556764.0931041
Bemiparin,2027-10-01,1.668726425861686,-1178331299.4919858,1178331302.8294387
Bemiparin,2027-11-01,1.788726425861686,-1201635547.3786147,1201635550.9560673
Bemiparin,2027-12-01,1.718726425861685,-1224496356.2792456,1224496359.7166984
Bemiparin,2028-01-01,1.53842547808541,-1258519674.06165,1258519677.138501
Bemiparin,2028-02-01,1.7384717110340286,-1293397554.2650552,1293397557.7419987
Bemiparin,2028-03-01,1.668471711034025,-1323912549.9011707,1323912553.2381144
Bemiparin,2028-04-01,1.638471711034021,-1353739873.8661935,1353739877.1431367
Bemiparin,2028-05-01,1.6784717110340228,-1382924022.5756197,1382924025.9325633
Bemiparin,2028-06-01,1.778471711034024,-1411504891.300853,1411504894.8577964
Bemiparin,2028-07-01,1.7184717110340226,-1439518414.1118436,1439518417.548787
Bemiparin,2028-08-01,1.4884717110340189,-1466997093.2061176,1466997096.1830611
Bemiparin,2028-09-01,1.7584717110340211,-1493970440.442481,1493970443.9594245
Bemiparin,2028-10-01,1.718471711034023,-1520465350.8949492,1520465354.3318927
Bemiparin,2028-11-01,1.838471711034023,-1546506414.1927063,1546506417.8696496
Bemiparin,2028-12-01,1.768471711034022,-1572116183.8721898,1572116187.4091332
Bemiparin,2029-01-01,1.588170763257747,-1607989040.4891722,1607989043.6655138
Bemiparin,2029-02-01,1.7882169962063656,-1644675334.9747071,1644675338.5511413
Bemiparin,2029-03-01,1.718216996206362,-1677398312.7266066,1677398316.1630404
Bemiparin,2029-04-01,1.688216996206358,-1709495025.2856643,1709495028.6620982
Bemiparin,2029-05-01,1.7282169962063598,-1741000110.0450501,1741000113.501484
Bemiparin,2029-06-01,1.828216996206361,-1771945124.619164,1771945128.275598
Bemiparin,2029-07-01,1.7682169962063596,-1802358917.2839017,1802358920.8203359
Bemiparin,2029-08-01,1.5382169962063559,-1832267941.485624,1832267944.5620582
Bemiparin,2029-09-01,1.8082169962063581,-1861696524.7446244,1861696528.3610585
Bemiparin,2029-10-01,1.76821699620636,-1890667102.437336,1890667105.9737701
Bemiparin,2029-11-01,1.88821699620636,-1919200415.1790335,1919200418.9554675
Bemiparin,2029-12-01,1.818216996206359,-1947315684.6633573,1947315688.2997913
Bemiparin,2030-01-01,1.637916048430084,-1984982094.8274724,1984982098.1033046
Bemiparin,2030-02-01,1.8379622813787027,-2023423318.7091284,2023423322.3850532
Bemiparin,2030-03-01,1.767962281378699,-2058209919.1867666,2058209922.722691
Bemiparin,2030-04-01,1.737962281378695,-2092418269.8557286,2092418273.331653
Bemiparin,2030-05-01,1.7779622813786968,-2126076282.8086905,2126076286.364615
Bemiparin,2030-06-01,1.877962281378698,-2159209694.3915877,2159209698.147512
Bemiparin,2030-07-01,1.8179622813786966,-2191842295.6676707,2191842299.303595
Bemiparin,2030-08-01,1.5879622813786929,-2223996131.8686037,2223996135.044528
Bemiparin,2030-09-01,1.8579622813786951,-2255691676.145131,2255691679.8610554
Bemiparin,2030-10-01,1.817962281378697,-2286947984.2095003,2286947987.8454247
Bemiparin,2030-11-01,1.937962281378697,-2317782825.545606,2317782829.4215302
Bemiparin,2030-12-01,1.867962281378696,-2348212803.641875,2348212807.3777995
Dabigatran etexilate,2023-01-01,2.7917303069244395,2.611175073787393,2.972285540061486
Dabigatran etexilate,2023-02-01,2.848490435949893,2.6643781268374287,3.0326027450623574
Dabigatran etexilate,2023-03-01,2.866990256811414,2.682457639723117,3.0515228738997107
Dabigatran etexilate,2023-04-01,2.844695461518702,2.6529579205771108,3.0364330024602935
Dabigatran etexilate,2023-05-01,2.862754971989036,2.669991997198955,3.0555179467791174
Dabigatran etexilate,2023-06-01,2.878915698047131,2.684736693136027,3.073094702958235
Dabigatran etexilate,2023-07-01,2.804958910171935,2.608322216961377,3.0015956033824933
Dabigatran etexilate,2023-08-01,2.805048525612712,2.606638719882505,3.0034583313429186
Dabigatran etexilate,2023-09-01,2.861159209043348,2.6610024242483576,3.0613159938383387
Dabigatran etexilate,2023-10-01,2.7812002449985154,2.5791330532676326,2.983267436729398
Dabigatran etexilate,2023-11-01,2.866108542648952,2.6622287194969334,3.069988365800971
Dabigatran etexilate,2023-12-01,2.8377456923271023,2.632083304000433,3.0434080806537716
Dabigatran etexilate,2024-01-01,2.8055810491269044,2.5712254430586214,3.0399366551951874
Dabigatran etexilate,2024-02-01,2.8323526557915804,2.597775715903156,3.066929595680005
Dabigatran etexilate,2024-03-01,2.841063026541496,2.604175371630627,3.0779506814523647
Dabigatran etexilate,2024-04-01,2.830553979598117,2.5880860763151605,3.0730218828810734
Dabigatran etexilate,2024-05-01,2.8390706720917773,2.5938669631415494,3.0842743810420052
Dabigatran etexilate,2024-06-01,2.846688125322882,2.5985275881439853,3.094848662501779
Dabigatran etexilate,2024-07-01,2.811820573965318,2.5601684456775855,3.0634727022530504
Dabigatran etexilate,2024-08-01,2.811863258382449,2.5571081241704348,3.0666183925944632
Dabigatran etexilate,2024-09-01,2.838316960096962,2.5805020741560445,3.09613184603788
Dabigatran etexilate,2024-10-01,2.80061950481717,2.5396844941383936,3.0615545154959465
Dabigatran etexilate,2024-11-01,2.840650428062144,2.5766746888039407,3.1046261673203475
Dabigatran etexilate,2024-12-01,2.8272784551693566,2.5603041968116997,3.0942527135270135
Dabigatran etexilate,2025-01-01,2.812114111144496,2.5333719091000004,3.0908563131889917
Dabigatran etexilate,2025-02-01,2.8247358594159606,2.5441667838732536,3.1053049349586677
Dabigatran etexilate,2025-03-01,2.8288424457681467,2.545039166910575,3.112645724625718
Dabigatran etexilate,2025-04-01,2.823887850701892,2.5354415022691197,3.1123341991346645
Dabigatran etexilate,2025-05-01,2.827903130664115,2.5360621664932337,3.1197440948349966
Dabigatran etexilate,2025-06-01,2.831494453341296,2.536178664371842,3.1268102423107496
Dabigatran etexilate,2025-07-01,2.815055804167465,2.516045705040517,3.114065903294413
Dabigatran etexilate,2025-08-01,2.8150759284174365,2.512570752830775,3.117581104004098
Dabigatran etexilate,2025-09-01,2.827547785325837,2.5215901729339527,3.133505397717721
Dabigatran etexilate,2025-10-01,2.8097749505281384,2.500359343462859,3.119190557593418
Dabigatran etexilate,2025-11-01,2.828647921631961,2.515831981421507,3.141463861842415
Dabigatran etexilate,2025-12-01,2.8223435739694023,2.506167342754361,3.1385198051844436
Dabigatran etexilate,2026-01-01,2.815194195356013,2.492417028735613,3.137971361976413
Dabigatran etexilate,2026-02-01,2.821144842276587,2.4956164970430805,3.1466731875100935
Dabigatran etexilate,2026-03-01,2.8230809326583124,2.49413346157032,3.152028403746305
Dabigatran etexilate,2026-04-01,2.820745040257253,2.487796092020483,3.153693988494023
Dabigatran etexilate,2026-05-01,2.8226380833458045,2.486234497007678,3.1590416696839307
Dabigatran etexilate,2026-06-01,2.824331247617342,2.484455485862261,3.164207009372423
Dabigatran etexilate,2026-07-01,2.8165810853648034,2.473155018771262,3.160007151958345
Dabigatran etexilate,2026-08-01,2.816590573139714,2.4697175582817197,3.1634635879977084
Dabigatran etexilate,2026-09-01,2.822470552303809,2.4721856972447718,3.172755407362846
Dabigatran etexilate,2026-10-01,2.814091375164085,2.4604082809897623,3.167774469338408
Dabigatran etexilate,2026-11-01,2.8229892223466595,2.465948751595479,3.18002969309784
Dabigatran etexilate,2026-12-01,2.8200169758583633,2.459651933372489,3.1803820183442375
Dabigatran etexilate,2027-01-01,2.816646331246953,2.451678428615286,3.1816142338786197
Dabigatran etexilate,2027-02-01,2.819451822054173,2.451460694680577,3.187442949427769
Dabigatran etexilate,2027-03-01,2.8203646108383826,2.4490639053448575,3.1916653163319078
Dabigatran etexilate,2027-04-01,2.819263331474088,2.4444182876788125,3.1941083752693635
Dabigatran etexilate,2027-05-01,2.8201558251900636,2.4420127576739965,3.1982988927061307
Dabigatran etexilate,2027-06-01,2.82095408407894,2.4395186350518654,3.202389533106015
Dabigatran etexilate,2027-07-01,2.817300194133161,2.432551581653479,3.202048806612843
Dabigatran etexilate,2027-08-01,2.817304667237623,2.4293001551508002,3.2053091793244457
Dabigatran etexilate,2027-09-01,2.8200768410385058,2.4288440412082726,3.211309640868739
Dabigatran etexilate,2027-10-01,2.816126395859799,2.4216833405255462,3.2105694511940515
Dabigatran etexilate,2027-11-01,2.8203213731131895,2.4226976848055473,3.217945061420832
Dabigatran etexilate,2027-12-01,2.818920078378179,2.4181416633809794,3.2196984933753785
Dabigatran etexilate,2028-01-01,2.8173309549437127,2.412876895152346,3.2217850147350795
Dabigatran etexilate,2028-02-01,2.8186536310786696,2.4111992758871437,3.2261079862701956
Dabigatran etexilate,2028-03-01,2.8190839742963423,2.408514161452057,3.2296537871406277
Dabigatran etexilate,2028-04-01,2.818564765347475,2.4047891095786955,3.2323404211162545
Dabigatran etexilate,2028-05-01,2.8189855402563366,2.4021205715449465,3.2358505089677267
Dabigatran etexilate,2028-06-01,2.8193618872324584,2.3994203843647575,3.2393033901001593
Dabigatran etexilate,2028-07-01,2.817639225009291,2.3946223065376406,3.2406561434809413
Dabigatran etexilate,2028-08-01,2.817641333898226,2.391583785485039,3.243698882311413
Dabigatran etexilate,2028-09-01,2.8189483024040376,2.3898718958015523,3.248024709006523
Dabigatran etexilate,2028-10-01,2.8170858263100564,2.3850079971346214,3.2491636554854915
Dabigatran etexilate,2028-11-01,2.819063589447069,2.3840066601967838,3.254120518697354
Dabigatran etexilate,2028-12-01,2.818402935311518,2.3803874580049573,3.2564184126180784
Dabigatran etexilate,2029-01-01,2.817653727494882,2.3764660092706826,3.2588414457190815
Dabigatran etexilate,2029-02-01,2.8182773161209727,2.374216585129474,3.2623380471124714
Dabigatran etexilate,2029-03-01,2.8184802056483207,2.3715046415486207,3.2654557697480207
Dabigatran etexilate,2029-04-01,2.8182354195011143,2.3683143206631065,3.268156518339122
Dabigatran etexilate,2029-05-01,2.8184337979555036,2.36562635427533,3.271241241635677
Dabigatran etexilate,2029-06-01,2.8186112304256077,2.362931370905689,3.2742910899455264
Dabigatran etexilate,2029-07-01,2.8177990644383546,2.35925548307111,3.2763426458055993
Dabigatran etexilate,2029-08-01,2.81780005869471,2.3564160397598126,3.2791840776296075
Dabigatran etexilate,2029-09-01,2.818416241805105,2.3542092639895227,3.282623219620687
Dabigatran etexilate,2029-10-01,2.8175381591982767,2.3505236819149813,3.284552636481572
Dabigatran etexilate,2029-11-01,2.8184705950113584,2.3486661050837414,3.2882750849389755
Dabigatran etexilate,2029-12-01,2.818159123144723,2.3455812197235226,3.2907370265659233
Dabigatran etexilate,2030-01-01,2.817805901777311,2.342369052555698,3.2932427509989237
Dabigatran etexilate,2030-02-01,2.8180998987462687,2.339942028283637,3.2962577692089003
Dabigatran etexilate,2030-03-01,2.81819555300226,2.3373054488070246,3.299085657197496
Dabigatran etexilate,2030-04-01,2.8180801461742484,2.334451448821575,3.3017088435269217
Dabigatran etexilate,2030-05-01,2.818173673640685,2.33183940676279,3.3045079405185795
Dabigatran etexilate,2030-06-01,2.8182573259175587,2.3292305391301555,3.307284112704962
Dabigatran etexilate,2030-07-01,2.8178744223036176,2.326165759520227,3.309583085087008
Dabigatran etexilate,2030-08-01,2.8178748910555202,2.3235013313782145,3.312248450732826
Dabigatran etexilate,2030-09-01,2.8181653966215285,2.32114127179881,3.315189521444247
Dabigatran etexilate,2030-10-01,2.817751415971304,2.3180900774647255,3.3174127544778824
Dabigatran etexilate,2030-11-01,2.81819102197328,2.315906629987201,3.3204754139593593
Dabigatran etexilate,2030-12-01,2.8180441755093213,2.3131504138162455,3.322937937202397
Dalteparin,2023-01-01,0.0,-0.0020491282095266225,0.0020491282095266225
Dalteparin,2023-02-01,0.0,-0.0020491282095266225,0.0020491282095266225
Dalteparin,2023-03-01,0.0,-0.0020491282095266225,0.0020491282095266225
Dalteparin,2023-04-01,0.0,-0.0020491282095266225,0.0020491282095266225
Dalteparin,2023-05-01,0.0,-0.0020491282095266225,0.0020491282095266225
Dalteparin,2023-06-01,0.0,-0.0020491282095266225,0.0020491282095266225
Dalteparin,2023-07-01,0.0,-0.0020491282095266225,0.0020491282095266225
Dalteparin,2023-08-01,0.0,-0.0020491282095266225,0.0020491282095266225
Dalteparin,2023-09-01,0.0,-0.0020491282095266225,0.0020491282095266225
Dalteparin,2023-10-01,0.0,-0.0020491282095266225,0.0020491282095266225
Dalteparin,2023-11-01,0.0,-0.0020491282095266225,0.0020491282095266225
Dalteparin,2023-12-01,0.0,-0.0020491282095266225,0.0020491282095266225
Dalteparin,2024-01-01,0.0,-0.0020491282095266225,0.0020491282095266225
Dalteparin,2024-02-01,0.0,-0.0020491282095266225,0.0020491282095266225
Dalteparin,2024-03-01,0.0,-0.0020491282095266225,0.0020491282095266225
Dalteparin,2024-04-01,0.0,-0.0020491282095266225,0.0020491282095266225
Dalteparin,2024-05-01,0.0,-0.0020491282095266225,0.0020491282095266225
Dalteparin,2024-06-01,0.0,-0.0020491282095266225,0.0020491282095266225
Dalteparin,2024-07-01,0.0,-0.0020491282095266225,0.0020491282095266225
Dalteparin,2024-08-01,0.0,-0.0020491282095266225,0.0020491282095266225
Dalteparin,2024-09-01,0.0,-0.0020491282095266225,0.0020491282095266225
Dalteparin,2024-10-01,0.0,-0.0020491282095266225,0.0020491282095266225
Dalteparin,2024-11-01,0.0,-0.0020491282095266225,0.0020491282095266225
Dalteparin,2024-12-01,0.0,-0.0020491282095266225,0.0020491282095266225
Dalteparin,2025-01-01,0.0,-0.0020491282095266225,0.0020491282095266225
Dalteparin,2025-02-01,0.0,-0.0020491282095266225,0.0020491282095266225
Dalteparin,2025-03-01,0.0,-0.0020491282095266225,0.0020491282095266225
Dalteparin,2025-04-01,0.0,-0.0020491282095266225,0.0020491282095266225
Dalteparin,2025-05-01,0.0,-0.0020491282095266225,0.0020491282095266225
Dalteparin,2025-06-01,0.0,-0.0020491282095266225,0.0020491282095266225
Dalteparin,2025-07-01,0.0,-0.0020491282095266225,0.0020491282095266225
Dalteparin,2025-08-01,0.0,-0.0020491282095266225,0.0020491282095266225
Dalteparin,2025-09-01,0.0,-0.0020491282095266225,0.0020491282095266225
Dalteparin,2025-10-01,0.0,-0.0020491282095266225,0.0020491282095266225
Dalteparin,2025-11-01,0.0,-0.0020491282095266225,0.0020491282095266225
Dalteparin,2025-12-01,0.0,-0.0020491282095266225,0.0020491282095266225
Dalteparin,2026-01-01,0.0,-0.0020491282095266225,0.0020491282095266225
Dalteparin,2026-02-01,0.0,-0.0020491282095266225,0.0020491282095266225
Dalteparin,2026-03-01,0.0,-0.0020491282095266225,0.0020491282095266225
Dalteparin,2026-04-01,0.0,-0.0020491282095266225,0.0020491282095266225
Dalteparin,2026-05-01,0.0,-0.0020491282095266225,0.0020491282095266225
Dalteparin,2026-06-01,0.0,-0.0020491282095266225,0.0020491282095266225
Dalteparin,2026-07-01,0.0,-0.0020491282095266225,0.0020491282095266225
Dalteparin,2026-08-01,0.0,-0.0020491282095266225,0.0020491282095266225
Dalteparin,2026-09-01,0.0,-0.0020491282095266225,0.0020491282095266225
Dalteparin,2026-10-01,0.0,-0.0020491282095266225,0.0020491282095266225
Dalteparin,2026-11-01,0.0,-0.0020491282095266225,0.0020491282095266225
Dalteparin,2026-12-01,0.0,-0.0020491282095266225,0.0020491282095266225
Dalteparin,2027-01-01,0.0,-0.0020491282095266225,0.0020491282095266225
Dalteparin,2027-02-01,0.0,-0.0020491282095266225,0.0020491282095266225
Dalteparin,2027-03-01,0.0,-0.0020491282095266225,0.0020491282095266225
Dalteparin,2027-04-01,0.0,-0.0020491282095266225,0.0020491282095266225
Dalteparin,2027-05-01,0.0,-0.0020491282095266225,0.0020491282095266225
Dalteparin,2027-06-01,0.0,-0.0020491282095266225,0.0020491282095266225
Dalteparin,2027-07-01,0.0,-0.0020491282095266225,0.0020491282095266225
Dalteparin,2027-08-01,0.0,-0.0020491282095266225,0.0020491282095266225
Dalteparin,2027-09-01,0.0,-0.0020491282095266225,0.0020491282095266225
Dalteparin,2027-10-01,0.0,-0.0020491282095266225,0.0020491282095266225
Dalteparin,2027-11-01,0.0,-0.0020491282095266225,0.0020491282095266225
Dalteparin,2027-12-01,0.0,-0.0020491282095266225,0.0020491282095266225
Dalteparin,2028-01-01,0.0,-0.0020491282095266225,0.0020491282095266225
Dalteparin,2028-02-01,0.0,-0.0020491282095266225,0.0020491282095266225
Dalteparin,2028-03-01,0.0,-0.0020491282095266225,0.0020491282095266225
Dalteparin,2028-04-01,0.0,-0.0020491282095266225,0.0020491282095266225
Dalteparin,2028-05-01,0.0,-0.0020491282095266225,0.0020491282095266225
Dalteparin,2028-06-01,0.0,-0.0020491282095266225,0.0020491282095266225
Dalteparin,2028-07-01,0.0,-0.0020491282095266225,0.0020491282095266225
Dalteparin,2028-08-01,0.0,-0.0020491282095266225,0.0020491282095266225
Dalteparin,2028-09-01,0.0,-0.0020491282095266225,0.0020491282095266225
Dalteparin,2028-10-01,0.0,-0.0020491282095266225,0.0020491282095266225
Dalteparin,2028-11-01,0.0,-0.0020491282095266225,0.0020491282095266225
Dalteparin,2028-12-01,0.0,-0.0020491282095266225,0.0020491282095266225
Dalteparin,2029-01-01,0.0,-0.0020491282095266225,0.0020491282095266225
Dalteparin,2029-02-01,0.0,-0.0020491282095266225,0.0020491282095266225
Dalteparin,2029-03-01,0.0,-0.0020491282095266225,0.0020491282095266225
Dalteparin,2029-04-01,0.0,-0.0020491282095266225,0.0020491282095266225
Dalteparin,2029-05-01,0.0,-0.0020491282095266225,0.0020491282095266225
Dalteparin,2029-06-01,0.0,-0.0020491282095266225,0.0020491282095266225
Dalteparin,2029-07-01,0.0,-0.0020491282095266225,0.0020491282095266225
Dalteparin,2029-08-01,0.0,-0.0020491282095266225,0.0020491282095266225
Dalteparin,2029-09-01,0.0,-0.0020491282095266225,0.0020491282095266225
Dalteparin,2029-10-01,0.0,-0.0020491282095266225,0.0020491282095266225
Dalteparin,2029-11-01,0.0,-0.0020491282095266225,0.0020491282095266225
Dalteparin,2029-12-01,0.0,-0.0020491282095266225,0.0020491282095266225
Dalteparin,2030-01-01,0.0,-0.0020491282095266225,0.0020491282095266225
Dalteparin,2030-02-01,0.0,-0.0020491282095266225,0.0020491282095266225
Dalteparin,2030-03-01,0.0,-0.0020491282095266225,0.0020491282095266225
Dalteparin,2030-04-01,0.0,-0.0020491282095266225,0.0020491282095266225
Dalteparin,2030-05-01,0.0,-0.0020491282095266225,0.0020491282095266225
Dalteparin,2030-06-01,0.0,-0.0020491282095266225,0.0020491282095266225
Dalteparin,2030-07-01,0.0,-0.0020491282095266225,0.0020491282095266225
Dalteparin,2030-08-01,0.0,-0.0020491282095266225,0.0020491282095266225
Dalteparin,2030-09-01,0.0,-0.0020491282095266225,0.0020491282095266225
Dalteparin,2030-10-01,0.0,-0.0020491282095266225,0.0020491282095266225
Dalteparin,2030-11-01,0.0,-0.0020491282095266225,0.0020491282095266225
Dalteparin,2030-12-01,0.0,-0.0020491282095266225,0.0020491282095266225
Enoxaparin,2023-01-01,2.2987457714971877,-23037846.03692452,23037850.63441606
Enoxaparin,2023-02-01,2.674133345805548,-30379809.45732234,30379814.80558903
Enoxaparin,2023-03-01,2.652349631541987,-33800039.916249156,33800045.22094841
Enoxaparin,2023-04-01,2.5251685984344476,-35495163.68881803,35495168.739155225
Enoxaparin,2023-05-01,2.6163973658318747,-36362959.730780154,36362964.96357489
Enoxaparin,2023-06-01,2.7691385983881234,-36814690.96692454,36814696.505201735
Enoxaparin,2023-07-01,2.525694545952954,-37051863.1405508,37051868.1919399
Enoxaparin,2023-08-01,2.287746918541551,-37176938.42925604,37176943.00474988
Enoxaparin,2023-09-01,2.5665207070449725,-37243050.38789212,37243055.52093353
Enoxaparin,2023-10-01,2.522907768123597,-37278038.49566473,37278043.54148027
Enoxaparin,2023-11-01,2.7375573601715666,-37296566.585314594,37296572.06042931
Enoxaparin,2023-12-01,2.5009421258408726,-37306381.99934383,37306387.00122808
Enoxaparin,2024-01-01,2.2921519067410925,-44176901.902014524,44176906.486318335
Enoxaparin,2024-02-01,2.669333207091593,-48599957.64774215,48599962.98640856
Enoxaparin,2024-03-01,2.6488552723876695,-50905369.97235467,50905375.27006521
Enoxaparin,2024-04-01,2.5226248082177554,-52096905.06866399,52096910.1139136
Enoxaparin,2024-05-01,2.6145455617153632,-52718490.71810477,52718495.947195895
Enoxaparin,2024-06-01,2.7677905397064655,-53045042.5571917,53045048.09277278
Enoxaparin,2024-07-01,2.524713199063729,-53217293.41725916,53217298.46668555
Enoxaparin,2024-08-01,2.287032527002002,-53308351.607935235,53308356.182000294
Enoxaparin,2024-09-01,2.566000651112271,-53356543.76117551,53356548.89317681
Enoxaparin,2024-10-01,2.522529182770657,-53382065.32049246,53382070.36555083
Enoxaparin,2024-11-01,2.7372817612206686,-53395585.05852905,53395590.53309257
Enoxaparin,2024-12-01,2.500741497947727,-53402748.68460182,53402753.686084814
Enoxaparin,2025-01-01,2.2920058555628247,-58415231.09535462,58415235.67936632
Enoxaparin,2025-02-01,2.669226886149181,-61831250.039401695,61831255.377855465
Enoxaparin,2025-03-01,2.648777873883053,-63661022.92651895,63661028.22407469
Enoxaparin,2025-04-01,2.522568464393284,-64618686.434668235,64618691.479805164
Enoxaparin,2025-05-01,2.6145045450759365,-65121340.20098576,65121345.42999485
Enoxaparin,2025-06-01,2.767760680804879,-65386232.38380196,65386237.91932332
Enoxaparin,2025-07-01,2.5246914626656136,-65526183.660939835,65526188.71032276
Enoxaparin,2025-08-01,2.2870167035464184,-65600229.399713345,65600233.973746754
Enoxaparin,2025-09-01,2.565989132104141,-65639435.07665867,65639440.20863693
Enoxaparin,2025-10-01,2.52252079727309,-65660202.479560025,65660207.524601616
Enoxaparin,2025-11-01,2.7372756568262058,-65671205.07796848,65671210.5525198
Enoxaparin,2025-12-01,2.5007370541289244,-65677035.40891616,65677040.41039027
Enoxaparin,2026-01-01,2.2920026205940376,-69813846.16732937,69813850.75133461
Enoxaparin,2026-02-01,2.669224531187487,-72696261.15902627,72696266.49747533
Enoxaparin,2026-03-01,2.648776159540522,-74258828.80407438,74258834.1016267
Enoxaparin,2026-04-01,2.522567216402575,-75081456.22418904,75081461.26932347
Enoxaparin,2026-05-01,2.614503636575575,-75514506.99321078,75514512.22221805
Enoxaparin,2026-06-01,2.7677600194434593,-75743065.25315486,75743070.7886749
Enoxaparin,2026-07-01,2.5246909812140412,-75863915.5874857,75863920.63686767
Enoxaparin,2026-08-01,2.287016353063899,-75927881.91236505,75927886.48639774
Enoxaparin,2026-09-01,2.5659888769632224,-75961758.11026073,75961763.24223849
Enoxaparin,2026-10-01,2.52252061153804,-75979704.56994922,75979709.61499046
Enoxaparin,2026-11-01,2.7372755216165774,-75989213.1789649,75989218.65351595
Enoxaparin,2026-12-01,2.50073695570031,-75994252.0486198,75994257.05009371
Enoxaparin,2027-01-01,2.2920025489409146,-79596650.7352952,79596655.3193003
Enoxaparin,2027-02-01,2.6692244790261306,-82136473.45910336,82136478.79755233
Enoxaparin,2027-03-01,2.6487761215685954,-83522617.60259369,83522622.90014595
Enoxaparin,2027-04-01,2.5225671887601346,-84254846.3013533,84254851.34648767
Enoxaparin,2027-05-01,2.614503616452695,-84640976.20071673,84640981.42972398
Enoxaparin,2027-06-01,2.767760004794597,-84844952.90433541,84844958.43985543
Enoxaparin,2027-07-01,2.5246909705501026,-84952856.34265028,84952861.39203222
Enoxaparin,2027-08-01,2.2870163453008665,-85009983.96147388,85009988.53550658
Enoxaparin,2027-09-01,2.5659888713119643,-85040242.32095705,85040247.45293479
Enoxaparin,2027-10-01,2.522520607424091,-85056273.29847324,85056278.34351444
Enoxaparin,2027-11-01,2.737275518621744,-85064767.30840608,85064772.78295714
Enoxaparin,2027-12-01,2.5007369535201596,-85069268.63892066,85069273.64039457
Enoxaparin,2028-01-01,2.29200254735383,-88302213.69359738,88302218.27760246
Enoxaparin,2028-02-01,2.6692244778707797,-90598313.48523393,90598318.82368287
Enoxaparin,2028-03-01,2.648776120727534,-91856854.88133119,91856860.17888342
Enoxaparin,2028-04-01,2.522567188147867,-92523149.89495379,92523154.94008815
Enoxaparin,2028-05-01,2.6145036160069823,-92874910.45901039,92874915.68801764
Enoxaparin,2028-06-01,2.7677600044701314,-93060841.23751698,93060846.773037
Enoxaparin,2028-07-01,2.524690970313901,-93159228.97654079,93159234.02592273
Enoxaparin,2028-08-01,2.2870163451289187,-93211327.20803712,93211331.78206982
Enoxaparin,2028-09-01,2.5659888711867915,-93238924.04061843,93238929.17259617
Enoxaparin,2028-10-01,2.522520607332969,-93253545.61848038,93253550.66352159
Enoxaparin,2028-11-01,2.73727551855541,-93261293.02516155,93261298.4997126
Enoxaparin,2028-12-01,2.50073695347187,-93265398.78293653,93265403.78441043
Enoxaparin,2029-01-01,2.2920025473186767,-96223360.42463109,96223365.00863618
Enoxaparin,2029-02-01,2.669224477845189,-98334676.23222156,98334681.5706705
Enoxaparin,2029-03-01,2.648776120708905,-99495406.59198771,99495411.88953994
Enoxaparin,2029-04-01,2.5225671881343055,-100110875.59756947,100110880.64270383
Enoxaparin,2029-05-01,2.61450361599711,-100436064.92667845,100436070.1556857
Enoxaparin,2029-06-01,2.7677600044629447,-100608023.11341204,100608028.64893205
Enoxaparin,2029-07-01,2.524690970308669,-100699037.18590611,100699042.23528805
Enoxaparin,2029-08-01,2.28701634512511,-100747236.53854147,100747241.11257416
Enoxaparin,2029-09-01,2.565988871184019,-100772769.64700551,100772774.77898325
Enoxaparin,2029-10-01,2.5225206073309505,-100786298.26100038,100786303.30604158
Enoxaparin,2029-11-01,2.7372755185539406,-100793466.65449347,100793472.12904452
Enoxaparin,2029-12-01,2.500736953470801,-100797265.62367964,100797270.62515354
Enoxaparin,2030-01-01,2.292002547317898,-103540278.35877226,103540282.94277735
Enoxaparin,2030-02-01,2.6692244778446224,-105505273.30973801,105505278.64818695
Enoxaparin,2030-03-01,2.6487761207084923,-106587945.28500669,106587950.58255892
Enoxaparin,2030-04-01,2.5225671881340053,-107162687.3593745,107162692.40450886
Enoxaparin,2030-05-01,2.6145036159968913,-107466540.3087968,107466545.53780404
Enoxaparin,2030-06-01,2.7677600044627857,-107627266.34400111,107627271.87952113
Enoxaparin,2030-07-01,2.524690970308553,-107712349.52179143,107712354.57117337
Enoxaparin,2030-08-01,2.287016345125026,-107757411.91601187,107757416.49004456
Enoxaparin,2030-09-01,2.565988871183958,-107781284.32668598,107781289.45866372
Enoxaparin,2030-10-01,2.5225206073309057,-107793933.34761733,107793938.39265853
Enoxaparin,2030-11-01,2.737275518553908,-107800635.74310884,107800641.21765989
Enoxaparin,2030-12-01,2.5007369534707773,-107804187.79859504,107804192.80006894
Fondaparinux,2023-01-01,0.4807620588069402,0.4160280958807769,0.5454960217331035
Fondaparinux,2023-02-01,0.4812714712497692,0.40949276401960294,0.5530501784799355
Fondaparinux,2023-03-01,0.481650164671541,0.40345886293572153,0.5598414664073604
Fondaparinux,2023-04-01,0.4821273776039131,0.3980109313959925,0.5662438238118337
Fondaparinux,2023-05-01,0.4752971193153589,0.3856462778348795,0.5649479607958383
Fondaparinux,2023-06-01,0.4809586953790943,0.3860957930744205,0.5758215976837682
Fondaparinux,2023-07-01,0.4751960168643931,0.3753928751845135,0.5749991585442727
Fondaparinux,2023-08-01,0.473003282284927,0.36849316820651745,0.5775133963633365
Fondaparinux,2023-09-01,0.4780086115217657,0.3689945720580792,0.5870226509854523
Fondaparinux,2023-10-01,0.47657412862326415,0.3632350018589457,0.5899132553875827
Fondaparinux,2023-11-01,0.47732316605763125,0.3598180439045837,0.5948282882106788
Fondaparinux,2023-12-01,0.47753371697374114,0.3560053230242771,0.5990621109232052
Fondaparinux,2024-01-01,0.47723181495979516,0.34958926710902133,0.604874362810569
Fondaparinux,2024-02-01,0.47723181495979516,0.3449163425914365,0.6095472873281538
Fondaparinux,2024-03-01,0.47723181495979516,0.34040291291681785,0.6140607170027725
Fondaparinux,2024-04-01,0.47723181495979516,0.33603368239242914,0.6184299475271612
Fondaparinux,2024-05-01,0.47723181495979516,0.33179565423373547,0.6226679756858549
Fondaparinux,2024-06-01,0.47723181495979516,0.32767767408445503,0.6267859558351353
Fondaparinux,2024-07-01,0.47723181495979516,0.32367008385732987,0.6307935460622605
Fondaparinux,2024-08-01,0.47723181495979516,0.31976445495966477,0.6346991749599256
Fondaparinux,2024-09-01,0.47723181495979516,0.31595337972546056,0.6385102501941298
Fondaparinux,2024-10-01,0.47723181495979516,0.31223030624590414,0.6422333236736861
Fondaparinux,2024-11-01,0.47723181495979516,0.3085894060464822,0.6458742238731081
Fondaparinux,2024-12-01,0.47723181495979516,0.30502546696324234,0.6494381629563479
Fondaparinux,2025-01-01,0.47723181495979516,0.30153380558992593,0.6529298243296644
Fondaparinux,2025-02-01,0.47723181495979516,0.2981101950956385,0.6563534348239518
Fondaparinux,2025-03-01,0.47723181495979516,0.29475080523827857,0.6597128246813118
Fondaparinux,2025-04-01,0.47723181495979516,0.2914521521459957,0.6630114777735947
Fondaparinux,2025-05-01,0.47723181495979516,0.2882110559902211,0.6662525739293692
Fondaparinux,2025-06-01,0.47723181495979516,0.2850246050855071,0.6694390248340832
Fondaparinux,2025-07-01,0.47723181495979516,0.28189012526227203,0.6725735046573182
Fondaparinux,2025-08-01,0.47723181495979516,0.2788051535956826,0.6756584763239077
Fondaparinux,2025-09-01,0.47723181495979516,0.27576741575652897,0.6786962141630614
Fondaparinux,2025-10-01,0.47723181495979516,0.2727748063918378,0.6816888235277525
Fondaparinux,2025-11-01,0.47723181495979516,0.26982537205412604,0.6846382578654643
Fondaparinux,2025-12-01,0.47723181495979516,0.266917296285959,0.6875463336336314
Fondaparinux,2026-01-01,0.47723181495979516,0.26404888653626457,0.6904147433833258
Fondaparinux,2026-02-01,0.47723181495979516,0.2612185626407373,0.693245067278853
Fondaparinux,2026-03-01,0.47723181495979516,0.2584248466436975,0.6960387832758927
Fondaparinux,2026-04-01,0.47723181495979516,0.2556663537752808,0.6987972761443095
Fondaparinux,2026-05-01,0.47723181495979516,0.2529417844276038,0.7015218454919865
Fondaparinux,2026-06-01,0.47723181495979516,0.2502499169979618,0.7042137129216286
Fondaparinux,2026-07-01,0.47723181495979516,0.24758960148722622,0.7068740284323641
Fondaparinux,2026-08-01,0.47723181495979516,0.24495975375826856,0.7095038761613217
Fondaparinux,2026-09-01,0.47723181495979516,0.24235935037309544,0.7121042795464949
Fondaparinux,2026-10-01,0.47723181495979516,0.2397874239389599,0.7146762059806304
Fondaparinux,2026-11-01,0.47723181495979516,0.23724305890343303,0.7172205710161573
Fondaparinux,2026-12-01,0.47723181495979516,0.23472538774660792,0.7197382421729824
Fondaparinux,2027-01-01,0.47723181495979516,0.23223358752553455,0.7222300423940557
Fondaparinux,2027-02-01,0.47723181495979516,0.22976687673186263,0.7246967531877277
Fondaparinux,2027-03-01,0.47723181495979516,0.22732451242867813,0.7271391174909122
Fondaparinux,2027-04-01,0.47723181495979516,0.22490578763680164,0.7295578422827886
Fondaparinux,2027-05-01,0.47723181495979516,0.22251002894448618,0.7319536009751042
Fondaparinux,2027-06-01,0.47723181495979516,0.2201365943176104,0.73432703560198
Fondaparinux,2027-07-01,0.47723181495979516,0.21778487109018924,0.736678758829401
Fondaparinux,2027-08-01,0.47723181495979516,0.21545427411737827,0.739009355802212
Fondaparinux,2027-09-01,0.47723181495979516,0.21314424407519628,0.741319385844394
Fondaparinux,2027-10-01,0.47723181495979516,0.21085424589296697,0.7436093840266234
Fondaparinux,2027-11-01,0.47723181495979516,0.20858376730603384,0.7458798626135565
Fondaparinux,2027-12-01,0.47723181495979516,0.20633231751765813,0.7481313124019322
Fondaparinux,2028-01-01,0.47723181495979516,0.20409942596019814,0.7503642039593922
Fondaparinux,2028-02-01,0.47723181495979516,0.2018846411467124,0.752578988772878
Fondaparinux,2028-03-01,0.47723181495979516,0.19968752960504893,0.7547761003145415
Fondaparinux,2028-04-01,0.47723181495979516,0.19750767488729165,0.7569559550322986
Fondaparinux,2028-05-01,0.47723181495979516,0.19534467664815391,0.7591189532714364
Fondaparinux,2028-06-01,0.47723181495979516,0.19319814978654293,0.7612654801330474
Fondaparinux,2028-07-01,0.47723181495979516,0.19106772364508118,0.7633959062745092
Fondaparinux,2028-08-01,0.47723181495979516,0.18895304126287388,0.7655105886567164
Fondaparinux,2028-09-01,0.47723181495979516,0.18685375867725584,0.7676098712423345
Fondaparinux,2028-10-01,0.47723181495979516,0.18476954427065084,0.7696940856489395
Fondaparinux,2028-11-01,0.47723181495979516,0.1827000781590301,0.7717635517605602
Fondaparinux,2028-12-01,0.47723181495979516,0.18064505161877897,0.7738185783008114
Fondaparinux,2029-01-01,0.47723181495979516,0.17860416654906153,0.7758594633705288
Fondaparinux,2029-02-01,0.47723181495979516,0.1765771349670342,0.7778864949525561
Fondaparinux,2029-03-01,0.47723181495979516,0.17456367853348698,0.7798999513861034
Fondaparinux,2029-04-01,0.47723181495979516,0.17256352810670128,0.781900101812889
Fondaparinux,2029-05-01,0.47723181495979516,0.17057642332249834,0.783887206597092
Fondaparinux,2029-06-01,0.47723181495979516,0.16860211219862425,0.785861517720966
Fondaparinux,2029-07-01,0.47723181495979516,0.16664035076176942,0.7878232791578209
Fondaparinux,2029-08-01,0.47723181495979516,0.16469090269565928,0.789772727223931
Fondaparinux,2029-09-01,0.47723181495979516,0.16275353900877965,0.7917100909108107
Fondaparinux,2029-10-01,0.47723181495979516,0.1608280377204141,0.7936355921991762
Fondaparinux,2029-11-01,0.47723181495979516,0.15891418356377485,0.7955494463558155
Fondaparinux,2029-12-01,0.47723181495979516,0.15701176770510278,0.7974518622144875
Fondaparinux,2030-01-01,0.47723181495979516,0.15512058747769975,0.7993430424418906
Fondaparinux,2030-02-01,0.47723181495979516,0.15324044612993415,0.8012231837896562
Fondaparinux,2030-03-01,0.47723181495979516,0.1513711525863325,0.8030924773332578
Fondaparinux,2030-04-01,0.47723181495979516,0.14951252122093606,0.8049511086986543
Fondaparinux,2030-05-01,0.47723181495979516,0.1476643716421619,0.8067992582774284
Fondaparinux,2030-06-01,0.47723181495979516,0.14582652848846228,0.808637101431128
Fondaparinux,2030-07-01,0.47723181495979516,0.14399882123412733,0.810464808685463
Fondaparinux,2030-08-01,0.47723181495979516,0.1421810840046221,0.8122825459149683
Fondaparinux,2030-09-01,0.47723181495979516,0.14037315540089262,0.8140904745186976
Fondaparinux,2030-10-01,0.47723181495979516,0.13857487833211385,0.8158887515874764
Fondaparinux,2030-11-01,0.47723181495979516,0.13678609985638812,0.8176775300632022
Fondaparinux,2030-12-01,0.47723181495979516,0.13500667102893937,0.819456958890651
Heparin,2023-01-01,0.13361245848539913,0.1039794168804762,0.16324550009032207
Heparin,2023-02-01,0.13768290780870937,0.10801514503748846,0.16735067057993028
Heparin,2023-03-01,0.14497899443083948,0.11527428742814427,0.17468370143353468
Heparin,2023-04-01,0.14931529337421331,0.11957127971522066,0.17905930703320597
Heparin,2023-05-01,0.15301725543699196,0.1232314249841802,0.18280308588980373
Heparin,2023-06-01,0.1568630635043968,0.12703274960239863,0.18669337740639497
Heparin,2023-07-01,0.16240474811569103,0.13252711831566283,0.19228237791571923
Heparin,2023-08-01,0.16423115514342537,0.13430320143856975,0.194159108848281
Heparin,2023-09-01,0.17240535771681187,0.1424238862708307,0.20238682916279305
Heparin,2023-10-01,0.17610058749723917,0.14606220784776786,0.20613896714671048
Heparin,2023-11-01,0.1838328318928969,0.1537339456123893,0.2139317181734045
Heparin,2023-12-01,0.1894178767404763,0.15925466553759127,0.21958108794336134
Heparin,2024-01-01,0.1954619198151943,0.16497721312907024,0.2259466265013184
Heparin,2024-02-01,0.20172666787523114,0.17116207040434162,0.23229126534612066
Heparin,2024-03-01,0.2084322092513797,0.1777827322476946,0.2390816862550648
Heparin,2024-04-01,0.21510612120445832,0.18436647883951937,0.24584576356939727
Heparin,2024-05-01,0.22193466812449159,0.19109926155021273,0.25277007469877044
Heparin,2024-06-01,0.22898460558567846,0.19804750634456816,0.2599217048267887
Heparin,2024-07-01,0.23638277246783784,0.20533770524923542,0.26742783968644024
Heparin,2024-08-01,0.2437174806701338,0.21255780541186373,0.27487715592840384
Heparin,2024-09-01,0.25177451294204595,0.22049320627997315,0.28305581960411874
Heparin,2024-10-01,0.2597236286552585,0.22831326472656108,0.2911339925839559
Heparin,2024-11-01,0.2682313821514024,0.23668411276095147,0.29977865154185335
Heparin,2024-12-01,0.2768272142315909,0.24513474839461527,0.30851968006856656
Heparin,2025-01-01,0.28572093752486466,0.2538551271287638,0.31758674792096553
Heparin,2025-02-01,0.2949025479242875,0.2628727778391794,0.3269323180093956
Heparin,2025-03-01,0.304397777498908,0.272194257498768,0.336601297499048
Heparin,2025-04-01,0.31417905821538405,0.2817914657341018,0.3465666506966663
Heparin,2025-05-01,0.3242700736324513,0.2916875304865571,0.3568526167783455
Heparin,2025-06-01,0.33468555887264784,0.30189660752878267,0.367474510216513
Heparin,2025-07-01,0.3454452053088614,0.3124377847381536,0.37845262587956924
Heparin,2025-08-01,0.35652735575088923,0.3232887769159559,0.38976593458582254
Heparin,2025-09-01,0.36800332944232833,0.33452025046576445,0.4014864084188922
Heparin,2025-10-01,0.3798197515038584,0.3460781525697049,0.41356135043801184
Heparin,2025-11-01,0.39203940370861484,0.3580245617503054,0.4260542456669243
Heparin,2025-12-01,0.40463744922661565,0.3703339124561778,0.4389409859970535
Heparin,2026-01-01,0.41764206371885515,0.38303165074490725,0.45225247669280305
Heparin,2026-02-01,0.4310647993673027,0.39613242768069823,0.46599717105390714
Heparin,2026-03-01,0.444920369434032,0.4096482440520186,0.4801924948160454
Heparin,2026-04-01,0.4592197722238485,0.42358926694896315,0.4948502774987339
Heparin,2026-05-01,0.47397839342911435,0.4379700253878948,0.5099867614703338
Heparin,2026-06-01,0.48921136199527854,0.45280476632161737,0.5256179576689397
Heparin,2026-07-01,0.5049346399315129,0.4681085446309353,0.5417607352320905
Heparin,2026-08-01,0.5211614541400387,0.4838936551641439,0.5584292531159334
Heparin,2026-09-01,0.5379127041050291,0.5001800406572543,0.5756453675528039
Heparin,2026-10-01,0.5552001360348131,0.5169784661196541,0.5934218059499721
Heparin,2026-11-01,0.5730449934637001,0.5343091696816736,0.6117808172457265
Heparin,2026-12-01,0.5914622674841555,0.5521861130642625,0.6307384219040486
Heparin,2027-01-01,0.6104715943525576,0.5706276855832,0.6503155031219152
Heparin,2027-02-01,0.6300918851985116,0.5896521033866159,0.6705316670104072
Heparin,2027-03-01,0.6503428747950216,0.609277813021641,0.6914079365684023
Heparin,2027-04-01,0.6712446081679868,0.6295237360850591,0.7129654802509146
Heparin,2027-05-01,0.6928180866868123,0.6504097272208126,0.7352264461528121
Heparin,2027-06-01,0.715084928572584,0.6719562345808908,0.7582136225642772
Heparin,2027-07-01,0.7380674736809123,0.6941844044761084,0.7819505428857162
Heparin,2027-08-01,0.7617885285527385,0.7171158262011323,0.8064612309043446
Heparin,2027-09-01,0.786272193461396,0.7407733587541506,0.8317710281686413
Heparin,2027-10-01,0.8115425830907543,0.7651798510792444,0.8579053151022643
Heparin,2027-11-01,0.8376252927633244,0.790359607744808,0.8848909777818409
Heparin,2027-12-01,0.8645462038454674,0.8163371936808975,0.9127552140100373
Heparin,2028-01-01,0.8923323516401477,0.843138283530643,0.9415264197496523
Heparin,2028-02-01,0.9210115354216912,0.8707893413450172,0.9712337294983653
Heparin,2028-03-01,0.9506124646215599,0.8993176605142233,1.0019072687288966
Heparin,2028-04-01,0.98116474631109,0.928751419824033,1.033578072798147
Heparin,2028-05-01,1.0126989632680368,0.9591197429114794,1.066278183624594
Heparin,2028-06-01,1.0452466766906663,0.9904526995815499,1.1000406537997827
Heparin,2028-07-01,1.0788404642169687,1.0227813423138992,1.1348995861200382
Heparin,2028-08-01,1.1135139310726347,1.0561377157871916,1.1708901463580779
Heparin,2028-09-01,1.1493018059257432,1.090554951003464,1.2080486608480223
Heparin,2028-10-01,1.1862398747950584,1.126067197364169,1.246412552225948
Heparin,2028-11-01,1.2243651284396109,1.16270976813051,1.2860204887487117
Heparin,2028-12-01,1.2637157049704673,1.2005190810139612,1.3269123289269733
Heparin,2029-01-01,1.304330993164032,1.2395327578570172,1.3691292284710466
Heparin,2029-02-01,1.3462516396167095,1.2797896356635738,1.412713643569845
Heparin,2029-03-01,1.3895195985814246,1.3213298051110296,1.4577093920518196
Heparin,2029-04-01,1.4341781707634418,1.364194653012085,1.5041616885147986
Heparin,2029-05-01,1.480272050402694,1.4084269054888472,1.552117195316541
Heparin,2029-06-01,1.5278473678451472,1.4540706680640634,1.601624067626231
Heparin,2029-07-01,1.5769517362072103,1.5011714697808682,1.6527320026335524
Heparin,2029-08-01,1.627634297366343,1.5497763065862882,1.7054922881463976
Heparin,2029-09-01,1.6799457759558498,1.5999336926580483,1.7599578592536513
Heparin,2029-10-01,1.7339385223268353,1.6516937006386547,1.816183344015016
Heparin,2029-11-01,1.7896665735724107,1.7051080198723243,1.874225127272497
Heparin,2029-12-01,1.847185700302951,1.7602300003335107,1.9341414002723913
Heparin,2030-01-01,1.9065534675009321,1.8171147104501344,1.9959922245517299
Heparin,2030-02-01,1.9678292896348812,1.8758189897472575,2.059839589522505
Heparin,2030-03-01,2.031074490829187,1.9364015052435999,2.125747476414774
Heparin,2030-04-01,2.0963523659895933,1.9989228099760359,2.1937819220031507
Heparin,2030-05-01,2.1637282444378982,2.063445403350388,2.2640110855254085
Heparin,2030-06-01,2.233269555125754,2.1300337931250963,2.336505317126412
Heparin,2030-07-01,2.305045894155231,2.19875455962963,2.411337228680832
Heparin,2030-08-01,2.3791290943012915,2.2696764219095944,2.4885817666929886
Heparin,2030-09-01,2.4555932972736154,2.3428703065325185,2.5683162880147123
Heparin,2030-10-01,2.534515027313005,2.4184094176458686,2.6506206369801415
Heparin,2030-11-01,2.6159732684438,2.4963693106048024,2.7355772262827975
Heparin,2030-12-01,2.7000495429549614,2.576827966738225,2.823271119171698
Nadroparin,2023-01-01,0.03,0.0020442935942785005,0.057955706405721494
Nadroparin,2023-02-01,0.03,-0.009535339144691762,0.06953533914469176
Nadroparin,2023-03-01,0.03,-0.01842070385618836,0.07842070385618835
Nadroparin,2023-04-01,0.03,-0.025911412811442998,0.08591141281144299
Nadroparin,2023-05-01,0.03,-0.03251085988221959,0.09251085988221959
Nadroparin,2023-06-01,0.03,-0.03847721609307281,0.0984772160930728
Nadroparin,2023-07-01,0.03,-0.04396384687467443,0.10396384687467443
Nadroparin,2023-08-01,0.03,-0.049070678289383524,0.10907067828938352
Nadroparin,2023-09-01,0.03,-0.053867119217164514,0.11386711921716451
Nadroparin,2023-10-01,0.03,-0.058403705841039155,0.11840370584103915
Nadroparin,2023-11-01,0.03,-0.06271858889711318,0.12271858889711318
Nadroparin,2023-12-01,0.03,-0.06684140771237672,0.12684140771237673
Nadroparin,2024-01-01,0.03,-0.07079573288764597,0.13079573288764595
Nadroparin,2024-02-01,0.03,-0.07460067537545144,0.13460067537545145
Nadroparin,2024-03-01,0.03,-0.07827198534082339,0.13827198534082338
Nadroparin,2024-04-01,0.03,-0.081822825622886,0.141822825622886
Nadroparin,2024-05-01,0.03,-0.08526433034954599,0.145264330349546
Nadroparin,2024-06-01,0.03,-0.08860601743407527,0.14860601743407525
Nadroparin,2024-07-01,0.03,-0.09185609911783268,0.15185609911783268
Nadroparin,2024-08-01,0.03,-0.09502171976443918,0.15502171976443918
Nadroparin,2024-09-01,0.03,-0.09810914071018065,0.15810914071018065
Nadroparin,2024-10-01,0.03,-0.10112388590239293,0.16112388590239293
Nadroparin,2024-11-01,0.03,-0.1040708580370345,0.1640708580370345
Nadroparin,2024-12-01,0.03,-0.10695443218614561,0.1669544321861456
Nadroparin,2025-01-01,0.03,-0.10977853202860749,0.1697785320286075
Nadroparin,2025-02-01,0.03,-0.11254669247904472,0.17254669247904472
Nadroparin,2025-03-01,0.03,-0.11526211156856508,0.17526211156856508
Nadroparin,2025-04-01,0.03,-0.11792769374934886,0.17792769374934886
Nadroparin,2025-05-01,0.03,-0.12054608629467606,0.18054608629467606
Nadroparin,2025-06-01,0.03,-0.12311971009405337,0.18311971009405337
Nadroparin,2025-07-01,0.03,-0.12565078586351514,0.18565078586351513
Nadroparin,2025-08-01,0.03,-0.12814135657876705,0.18814135657876704
Nadroparin,2025-09-01,0.03,-0.13059330677589162,0.19059330677589162
Nadroparin,2025-10-01,0.03,-0.13300837923818068,0.19300837923818068
Nadroparin,2025-11-01,0.03,-0.1353881894891574,0.1953881894891574
Nadroparin,2025-12-01,0.03,-0.13773423843432903,0.19773423843432902
Nadroparin,2026-01-01,0.03,-0.14004792343274067,0.20004792343274067
Nadroparin,2026-02-01,0.03,-0.14233054803031914,0.20233054803031914
Nadroparin,2026-03-01,0.03,-0.14458333054754405,0.20458333054754405
Nadroparin,2026-04-01,0.03,-0.1468074116820783,0.2068074116820783
Nadroparin,2026-05-01,0.03,-0.14900386126103207,0.20900386126103207
Nadroparin,2026-06-01,0.03,-0.15117368425630065,0.21117368425630065
Nadroparin,2026-07-01,0.03,-0.15331782615895434,0.21331782615895434
Nadroparin,2026-08-01,0.03,-0.15543717779422633,0.21543717779422633
Nadroparin,2026-09-01,0.03,-0.15753257964665873,0.21753257964665873
Nadroparin,2026-10-01,0.03,-0.15960482575497198,0.21960482575497198
Nadroparin,2026-11-01,0.03,-0.1616546672278455,0.2216546672278455
Nadroparin,2026-12-01,0.03,-0.16368281542475338,0.22368281542475338
Nadroparin,2027-01-01,0.03,-0.16568994484005042,0.22568994484005042
Nadroparin,2027-02-01,0.03,-0.1676766957234587,0.2276766957234587
Nadroparin,2027-03-01,0.03,-0.16964367646581688,0.22964367646581688
Nadroparin,2027-04-01,0.03,-0.17159146577529183,0.23159146577529183
Nadroparin,2027-05-01,0.03,-0.1735206146661157,0.2335206146661157
Nadroparin,2027-06-01,0.03,-0.1754316482792183,0.2354316482792183
Nadroparin,2027-07-01,0.03,-0.1773250675518022,0.2373250675518022
Nadroparin,2027-08-01,0.03,-0.17920135075090274,0.23920135075090274
Nadroparin,2027-09-01,0.03,-0.18106095488423513,0.24106095488423512
Nadroparin,2027-10-01,0.03,-0.18290431700012103,0.24290431700012102
Nadroparin,2027-11-01,0.03,-0.18473185538697076,0.24473185538697076
Nadroparin,2027-12-01,0.03,-0.1865439706816466,0.2465439706816466
Nadroparin,2028-01-01,0.03,-0.18834104689502779,0.24834104689502778
Nadroparin,2028-02-01,0.03,-0.19012345236221337,0.25012345236221334
Nadroparin,2028-03-01,0.03,-0.19189154062402314,0.25189154062402314
Nadroparin,2028-04-01,0.03,-0.19364565124577185,0.2536456512457719
Nadroparin,2028-05-01,0.03,-0.19538611057868738,0.2553861105786874
Nadroparin,2028-06-01,0.03,-0.1971132324688088,0.2571132324688088
Nadroparin,2028-07-01,0.03,-0.1988273189177247,0.2588273189177247
Nadroparin,2028-08-01,0.03,-0.20052866069909178,0.26052866069909175
Nadroparin,2028-09-01,0.03,-0.20221753793449768,0.26221753793449765
Nadroparin,2028-10-01,0.03,-0.20389422063189758,0.2638942206318976
Nadroparin,2028-11-01,0.03,-0.20555896918955488,0.2655589691895549
Nadroparin,2028-12-01,0.03,-0.20721203486815032,0.2672120348681503
Nadroparin,2029-01-01,0.03,-0.20885366023348156,0.26885366023348156
Nadroparin,2029-02-01,0.03,-0.21048407957196325,0.27048407957196324
Nadroparin,2029-03-01,0.03,-0.2121035192809416,0.27210351928094156
Nadroparin,2029-04-01,0.03,-0.21371219823566515,0.27371219823566517
Nadroparin,2029-05-01,0.03,-0.21531032813459575,0.27531032813459577
Nadroparin,2029-06-01,0.03,-0.2168981138246016,0.2768981138246016
Nadroparin,2029-07-01,0.03,-0.21847575360744728,0.27847575360744725
Nadroparin,2029-08-01,0.03,-0.22004343952887814,0.2800434395288781
Nadroparin,2029-09-01,0.03,-0.22160135765149327,0.2816013576514933
Nadroparin,2029-10-01,0.03,-0.22314968831250323,0.2831496883125032
Nadroparin,2029-11-01,0.03,-0.22468860636738433,0.28468860636738436
Nadroparin,2029-12-01,0.03,-0.22621828142036113,0.2862182814203611
Nadroparin,2030-01-01,0.03,-0.22773887804257678,0.2877388780425768
Nadroparin,2030-02-01,0.03,-0.22925055597874647,0.2892505559787465
Nadroparin,2030-03-01,0.03,-0.23075347034302732,0.29075347034302734
Nadroparin,2030-04-01,0.03,-0.2322477718047857,0.29224777180478567
Nadroparin,2030-05-01,0.03,-0.23373360676489044,0.29373360676489046
Nadroparin,2030-06-01,0.03,-0.23521111752311738,0.29521111752311735
Nadroparin,2030-07-01,0.03,-0.23668044243720546,0.2966804424372055
Nadroparin,2030-08-01,0.03,-0.2381417160740689,0.2981417160740689
Nadroparin,2030-09-01,0.03,-0.23959506935363165,0.29959506935363167
Nadroparin,2030-10-01,0.03,-0.24104062968572146,0.30104062968572143
Nadroparin,2030-11-01,0.03,-0.24247852110042592,0.30247852110042595
Nadroparin,2030-12-01,0.03,-0.24390886437229112,0.30390886437229114
Parnaparin,2023-01-01,0.0,-0.0068473293901687516,0.0068473293901687516
Parnaparin,2023-02-01,0.0,-0.0068473293901687516,0.0068473293901687516
Parnaparin,2023-03-01,0.0,-0.0068473293901687516,0.0068473293901687516
Parnaparin,2023-04-01,0.0,-0.0068473293901687516,0.0068473293901687516
Parnaparin,2023-05-01,0.0,-0.0068473293901687516,0.0068473293901687516
Parnaparin,2023-06-01,0.0,-0.0068473293901687516,0.0068473293901687516
Parnaparin,2023-07-01,0.0,-0.0068473293901687516,0.0068473293901687516
Parnaparin,2023-08-01,0.0,-0.0068473293901687516,0.0068473293901687516
Parnaparin,2023-09-01,0.0,-0.0068473293901687516,0.0068473293901687516
Parnaparin,2023-10-01,0.0,-0.0068473293901687516,0.0068473293901687516
Parnaparin,2023-11-01,0.0,-0.0068473293901687516,0.0068473293901687516
Parnaparin,2023-12-01,0.0,-0.0068473293901687516,0.0068473293901687516
Parnaparin,2024-01-01,0.0,-0.0068473293901687516,0.0068473293901687516
Parnaparin,2024-02-01,0.0,-0.0068473293901687516,0.0068473293901687516
Parnaparin,2024-03-01,0.0,-0.0068473293901687516,0.0068473293901687516
Parnaparin,2024-04-01,0.0,-0.0068473293901687516,0.0068473293901687516
Parnaparin,2024-05-01,0.0,-0.0068473293901687516,0.0068473293901687516
Parnaparin,2024-06-01,0.0,-0.0068473293901687516,0.0068473293901687516
Parnaparin,2024-07-01,0.0,-0.0068473293901687516,0.0068473293901687516
Parnaparin,2024-08-01,0.0,-0.0068473293901687516,0.0068473293901687516
Parnaparin,2024-09-01,0.0,-0.0068473293901687516,0.0068473293901687516
Parnaparin,2024-10-01,0.0,-0.0068473293901687516,0.0068473293901687516
Parnaparin,2024-11-01,0.0,-0.0068473293901687516,0.0068473293901687516
Parnaparin,2024-12-01,0.0,-0.0068473293901687516,0.0068473293901687516
Parnaparin,2025-01-01,0.0,-0.0068473293901687516,0.0068473293901687516
Parnaparin,2025-02-01,0.0,-0.0068473293901687516,0.0068473293901687516
Parnaparin,2025-03-01,0.0,-0.0068473293901687516,0.0068473293901687516
Parnaparin,2025-04-01,0.0,-0.0068473293901687516,0.0068473293901687516
Parnaparin,2025-05-01,0.0,-0.0068473293901687516,0.0068473293901687516
Parnaparin,2025-06-01,0.0,-0.0068473293901687516,0.0068473293901687516
Parnaparin,2025-07-01,0.0,-0.0068473293901687516,0.0068473293901687516
Parnaparin,2025-08-01,0.0,-0.0068473293901687516,0.0068473293901687516
Parnaparin,2025-09-01,0.0,-0.0068473293901687516,0.0068473293901687516
Parnaparin,2025-10-01,0.0,-0.0068473293901687516,0.0068473293901687516
Parnaparin,2025-11-01,0.0,-0.0068473293901687516,0.0068473293901687516
Parnaparin,2025-12-01,0.0,-0.0068473293901687516,0.0068473293901687516
Parnaparin,2026-01-01,0.0,-0.0068473293901687516,0.0068473293901687516
Parnaparin,2026-02-01,0.0,-0.0068473293901687516,0.0068473293901687516
Parnaparin,2026-03-01,0.0,-0.0068473293901687516,0.0068473293901687516
Parnaparin,2026-04-01,0.0,-0.0068473293901687516,0.0068473293901687516
Parnaparin,2026-05-01,0.0,-0.0068473293901687516,0.0068473293901687516
Parnaparin,2026-06-01,0.0,-0.0068473293901687516,0.0068473293901687516
Parnaparin,2026-07-01,0.0,-0.0068473293901687516,0.0068473293901687516
Parnaparin,2026-08-01,0.0,-0.0068473293901687516,0.0068473293901687516
Parnaparin,2026-09-01,0.0,-0.0068473293901687516,0.0068473293901687516
Parnaparin,2026-10-01,0.0,-0.0068473293901687516,0.0068473293901687516
Parnaparin,2026-11-01,0.0,-0.0068473293901687516,0.0068473293901687516
Parnaparin,2026-12-01,0.0,-0.0068473293901687516,0.0068473293901687516
Parnaparin,2027-01-01,0.0,-0.0068473293901687516,0.0068473293901687516
Parnaparin,2027-02-01,0.0,-0.0068473293901687516,0.0068473293901687516
Parnaparin,2027-03-01,0.0,-0.0068473293901687516,0.0068473293901687516
Parnaparin,2027-04-01,0.0,-0.0068473293901687516,0.0068473293901687516
Parnaparin,2027-05-01,0.0,-0.0068473293901687516,0.0068473293901687516
Parnaparin,2027-06-01,0.0,-0.0068473293901687516,0.0068473293901687516
Parnaparin,2027-07-01,0.0,-0.0068473293901687516,0.0068473293901687516
Parnaparin,2027-08-01,0.0,-0.0068473293901687516,0.0068473293901687516
Parnaparin,2027-09-01,0.0,-0.0068473293901687516,0.0068473293901687516
Parnaparin,2027-10-01,0.0,-0.0068473293901687516,0.0068473293901687516
Parnaparin,2027-11-01,0.0,-0.0068473293901687516,0.0068473293901687516
Parnaparin,2027-12-01,0.0,-0.0068473293901687516,0.0068473293901687516
Parnaparin,2028-01-01,0.0,-0.0068473293901687516,0.0068473293901687516
Parnaparin,2028-02-01,0.0,-0.0068473293901687516,0.0068473293901687516
Parnaparin,2028-03-01,0.0,-0.0068473293901687516,0.0068473293901687516
Parnaparin,2028-04-01,0.0,-0.0068473293901687516,0.0068473293901687516
Parnaparin,2028-05-01,0.0,-0.0068473293901687516,0.0068473293901687516
Parnaparin,2028-06-01,0.0,-0.0068473293901687516,0.0068473293901687516
Parnaparin,2028-07-01,0.0,-0.0068473293901687516,0.0068473293901687516
Parnaparin,2028-08-01,0.0,-0.0068473293901687516,0.0068473293901687516
Parnaparin,2028-09-01,0.0,-0.0068473293901687516,0.0068473293901687516
Parnaparin,2028-10-01,0.0,-0.0068473293901687516,0.0068473293901687516
Parnaparin,2028-11-01,0.0,-0.0068473293901687516,0.0068473293901687516
Parnaparin,2028-12-01,0.0,-0.0068473293901687516,0.0068473293901687516
Parnaparin,2029-01-01,0.0,-0.0068473293901687516,0.0068473293901687516
Parnaparin,2029-02-01,0.0,-0.0068473293901687516,0.0068473293901687516
Parnaparin,2029-03-01,0.0,-0.0068473293901687516,0.0068473293901687516
Parnaparin,2029-04-01,0.0,-0.0068473293901687516,0.0068473293901687516
Parnaparin,2029-05-01,0.0,-0.0068473293901687516,0.0068473293901687516
Parnaparin,2029-06-01,0.0,-0.0068473293901687516,0.0068473293901687516
Parnaparin,2029-07-01,0.0,-0.0068473293901687516,0.0068473293901687516
Parnaparin,2029-08-01,0.0,-0.0068473293901687516,0.0068473293901687516
Parnaparin,2029-09-01,0.0,-0.0068473293901687516,0.0068473293901687516
Parnaparin,2029-10-01,0.0,-0.0068473293901687516,0.0068473293901687516
Parnaparin,2029-11-01,0.0,-0.0068473293901687516,0.0068473293901687516
Parnaparin,2029-12-01,0.0,-0.0068473293901687516,0.0068473293901687516
Parnaparin,2030-01-01,0.0,-0.0068473293901687516,0.0068473293901687516
Parnaparin,2030-02-01,0.0,-0.0068473293901687516,0.0068473293901687516
Parnaparin,2030-03-01,0.0,-0.0068473293901687516,0.0068473293901687516
Parnaparin,2030-04-01,0.0,-0.0068473293901687516,0.0068473293901687516
Parnaparin,2030-05-01,0.0,-0.0068473293901687516,0.0068473293901687516
Parnaparin,2030-06-01,0.0,-0.0068473293901687516,0.0068473293901687516
Parnaparin,2030-07-01,0.0,-0.0068473293901687516,0.0068473293901687516
Parnaparin,2030-08-01,0.0,-0.0068473293901687516,0.0068473293901687516
Parnaparin,2030-09-01,0.0,-0.0068473293901687516,0.0068473293901687516
Parnaparin,2030-10-01,0.0,-0.0068473293901687516,0.0068473293901687516
Parnaparin,2030-11-01,0.0,-0.0068473293901687516,0.0068473293901687516
Parnaparin,2030-12-01,0.0,-0.0068473293901687516,0.0068473293901687516
Rivaroxaban,2023-01-01,9.345771026641287,8.862987167903862,9.828554885378713
Rivaroxaban,2023-02-01,9.731850585658684,9.233020015233674,10.230681156083694
Rivaroxaban,2023-03-01,9.49011789858418,8.949087409726214,10.031148387442144
Rivaroxaban,2023-04-01,9.261175180275831,8.64846702941902,9.873883331132642
Rivaroxaban,2023-05-01,9.496102226071587,8.821981913101386,10.170222539041788
Rivaroxaban,2023-06-01,9.623718379214049,8.894934094624729,10.352502663803369
Rivaroxaban,2023-07-01,9.075317834277476,8.295779664161298,9.854856004393653
Rivaroxaban,2023-08-01,9.409736675670604,8.582498566872585,10.236974784468623
Rivaroxaban,2023-09-01,9.452384083173488,8.580040070643829,10.324728095703147
Rivaroxaban,2023-10-01,9.198870426594413,8.283641789859518,10.114099063329308
Rivaroxaban,2023-11-01,9.32489759590024,8.368706315317244,10.281088876483235
Rivaroxaban,2023-12-01,9.2969316906138,8.301461944619279,10.292401436608321
Rivaroxaban,2024-01-01,9.346928597959716,8.186630985526001,10.50722621039343
Rivaroxaban,2024-02-01,9.298282166676604,8.122244540054226,10.474319793298982
Rivaroxaban,2024-03-01,9.289594030633952,8.040700340203218,10.538487721064685
Rivaroxaban,2024-04-01,9.290712231285593,7.956660467658238,10.624763994912948
Rivaroxaban,2024-05-01,9.291261529883235,7.878564981244098,10.703958078522371
Rivaroxaban,2024-06-01,9.291281601537678,7.804968996032087,10.777594207043268
Rivaroxaban,2024-07-01,9.291258757830276,7.734859149026225,10.847658366634327
Rivaroxaban,2024-08-01,9.291254835950722,7.667760503877275,10.91474916802417
Rivaroxaban,2024-09-01,9.291255381724655,7.603325182027479,10.97918558142183
Rivaroxaban,2024-10-01,9.291255635051453,7.541261084090813,11.041250186012093
Rivaroxaban,2024-11-01,9.291255642913306,7.481324070488752,11.10118721533786
Rivaroxaban,2024-12-01,9.291255632195554,7.42330927370304,11.159201990688068
Rivaroxaban,2025-01-01,9.291255630427619,7.367042818275763,11.215468442579475
Rivaroxaban,2025-02-01,9.291255630693128,7.312375567640672,11.270135693745583
Rivaroxaban,2025-03-01,9.291255630809875,7.259178452039217,11.323332809580533
Rivaroxaban,2025-04-01,9.29125563081285,7.207338881885643,11.375172379740057
Rivaroxaban,2025-05-01,9.291255630807827,7.156757944603849,11.425753317011804
Rivaroxaban,2025-06-01,9.291255630807031,7.107348185794079,11.475163075819983
Rivaroxaban,2025-07-01,9.291255630807159,7.059031832806596,11.523479428807722
Rivaroxaban,2025-08-01,9.291255630807212,7.01173935748591,11.570771904128515
Rivaroxaban,2025-09-01,9.291255630807214,6.965408302130424,11.617102959484004
Rivaroxaban,2025-10-01,9.291255630807212,6.919982312041684,11.66252894957274
Rivaroxaban,2025-11-01,9.291255630807212,6.875410331897201,11.707100929717225
Rivaroxaban,2025-12-01,9.291255630807212,6.831645933265359,11.750865328349064
Rivaroxaban,2026-01-01,9.291255630807212,6.7886467480174435,11.793864513596981
Rivaroxaban,2026-02-01,9.291255630807212,6.74637398794156,11.836137273672865
Rivaroxaban,2026-03-01,9.291255630807212,6.704792035051241,11.877719226563183
Rivaroxaban,2026-04-01,9.291255630807212,6.663868090274368,11.918643171340056
Rivaroxaban,2026-05-01,9.291255630807212,6.62357187066555,11.958939390948874
Rivaroxaban,2026-06-01,9.291255630807212,6.583875347193571,11.998635914420854
Rivaroxaban,2026-07-01,9.291255630807212,6.5447525166498295,12.037758744964595
Rivaroxaban,2026-08-01,9.291255630807212,6.506179202403041,12.076332059211383
Rivaroxaban,2026-09-01,9.291255630807212,6.46813287966286,12.114378381951564
Rivaroxaban,2026-10-01,9.291255630807212,6.430592521665351,12.151918739949075
Rivaroxaban,2026-11-01,9.291255630807212,6.3935384637977215,12.188972797816703
Rivaroxaban,2026-12-01,9.291255630807212,6.356952283169509,12.225558978444916
Rivaroxaban,2027-01-01,9.291255630807212,6.320816691536762,12.261694570077662
Rivaroxaban,2027-02-01,9.291255630807212,6.285115439813039,12.297395821801386
Rivaroxaban,2027-03-01,9.291255630807212,6.249833232670642,12.332678028943782
Rivaroxaban,2027-04-01,9.291255630807212,6.214955651958736,12.367555609655689
Rivaroxaban,2027-05-01,9.291255630807212,6.180469087850678,12.402042173763746
Rivaroxaban,2027-06-01,9.291255630807212,6.146360676787955,12.43615058482647
Rivaroxaban,2027-07-01,9.291255630807212,6.112618245418291,12.469893016196133
Rivaroxaban,2027-08-01,9.291255630807212,6.079230259835116,12.503281001779309
Rivaroxaban,2027-09-01,9.291255630807212,6.04618577951822,12.536325482096204
Rivaroxaban,2027-10-01,9.291255630807212,6.013474415454198,12.569036846160227
Rivaroxaban,2027-11-01,9.291255630807212,5.981086291982171,12.601424969632253
Rivaroxaban,2027-12-01,9.291255630807212,5.949012011967655,12.63349924964677
Rivaroxaban,2028-01-01,9.291255630807212,5.9172426249564545,12.66526863665797
Rivaroxaban,2028-02-01,9.291255630807212,5.885769598002733,12.696741663611691
Rivaroxaban,2028-03-01,9.291255630807212,5.854584788901821,12.727926472712603
Rivaroxaban,2028-04-01,9.291255630807212,5.82368042158982,12.758830840024604
Rivaroxaban,2028-05-01,9.291255630807212,5.793049063499421,12.789462198115004
Rivaroxaban,2028-06-01,9.291255630807212,5.7626836046850745,12.81982765692935
Rivaroxaban,2028-07-01,9.291255630807212,5.732577238551455,12.84993402306297
Rivaroxaban,2028-08-01,9.291255630807212,5.702723444037203,12.87978781757722
Rivaroxaban,2028-09-01,9.291255630807212,5.6731159691218505,12.909395292492574
Rivaroxaban,2028-10-01,9.291255630807212,5.643748815537775,12.93876244607665
Rivaroxaban,2028-11-01,9.291255630807212,5.614616224581288,12.967895037033138
Rivaroxaban,2028-12-01,9.291255630807212,5.585712663927778,12.996798597686647
Rivaroxaban,2029-01-01,9.291255630807212,5.557032815365428,13.025478446248997
Rivaroxaban,2029-02-01,9.291255630807212,5.5285715633704715,13.053939698243953
Rivaroxaban,2029-03-01,9.291255630807212,5.500323984454482,13.082187277159942
Rivaroxaban,2029-04-01,9.291255630807212,5.472285337220871,13.110225924393553
Rivaroxaban,2029-05-01,9.291255630807212,5.444451053073731,13.138060208540693
Rivaroxaban,2029-06-01,9.291255630807212,5.416816727527461,13.165694534086963
Rivaroxaban,2029-07-01,9.291255630807212,5.389378112070377,13.193133149544048
Rivaroxaban,2029-08-01,9.291255630807212,5.362131106539719,13.220380155074706
Rivaroxaban,2029-09-01,9.291255630807212,5.335071751969353,13.247439509645073
Rivaroxaban,2029-10-01,9.291255630807212,5.308196223874786,13.274315037739639
Rivaroxaban,2029-11-01,9.291255630807212,5.281500825943301,13.301010435671124
Rivaroxaban,2029-12-01,9.291255630807212,5.254981984099701,13.327529277514724
Rivaroxaban,2030-01-01,9.291255630807212,5.228636240920698,13.353875020693726
Rivaroxaban,2030-02-01,9.291255630807212,5.202460250373239,13.380051011241186
Rivaroxaban,2030-03-01,9.291255630807212,5.176450772854101,13.406060488760325
Rivaroxaban,2030-04-01,9.291255630807212,5.150604670509924,13.4319065911045
Rivaroxaban,2030-05-01,9.291255630807212,5.124918902818561,13.457592358795864
Rivaroxaban,2030-06-01,9.291255630807212,5.099390522414112,13.483120739200313
Rivaroxaban,2030-07-01,9.291255630807212,5.074016671139426,13.508494590475
Rivaroxaban,2030-08-01,9.291255630807212,5.048794576311113,13.533716685303311
Rivaroxaban,2030-09-01,9.291255630807212,5.023721547183219,13.558789714431207
Rivaroxaban,2030-10-01,9.291255630807212,4.9987949715968325,13.583716290017591
Rivaroxaban,2030-11-01,9.291255630807212,4.974012312803798,13.608498948810627
Rivaroxaban,2030-12-01,9.291255630807212,4.949371106453593,13.63314015516083
Tinzaparin,2023-01-01,3.167666845106141,-150253403.3525654,150253409.6878991
Tinzaparin,2023-02-01,3.4930504461299496,-179188635.1116746,179188642.09777552
Tinzaparin,2023-03-01,3.3760573747502893,-207450403.00490984,207450409.75702462
Tinzaparin,2023-04-01,3.3254303106272682,-207450403.05553693,207450409.70639753
Tinzaparin,2023-05-01,3.394297537075502,-207450402.9866697,207450409.77526477
Tinzaparin,2023-06-01,3.418172124250901,-207450402.9627951,207450409.79913935
Tinzaparin,2023-07-01,3.257326224450662,-207450403.123641,207450409.63829345
Tinzaparin,2023-08-01,2.9055663867758743,-207450403.47540084,207450409.28653362
Tinzaparin,2023-09-01,3.3121147495006045,-207450403.06885248,207450409.69308197
Tinzaparin,2023-10-01,3.067326224450667,-207450403.313641,207450409.44829345
Tinzaparin,2023-11-01,3.453383599200966,-207450402.92758363,207450409.83435082
Tinzaparin,2023-12-01,3.2985950741510326,-207450403.08237216,207450409.6795623
Tinzaparin,2024-01-01,3.18912070382058,-235327795.6924081,235327802.07064953
Tinzaparin,2024-02-01,3.500072792375403,-246152527.98062748,246152534.9807731
Tinzaparin,2024-03-01,3.3692675069615166,-258002855.5137901,258002862.2523251
Tinzaparin,2024-04-01,3.2745063022114467,-258002855.6085513,258002862.1575639
Tinzaparin,2024-05-01,3.382754761834586,-258002855.50030282,258002862.26581237
Tinzaparin,2024-06-01,3.397802520884574,-258002855.48525506,258002862.28086013
Tinzaparin,2024-07-01,3.2423885153153553,-258002855.64066908,258002862.1254461
Tinzaparin,2024-08-01,2.885875770188424,-258002855.99718183,258002861.76893336
Tinzaparin,2024-09-01,3.2985350139230523,-258002855.58452258,258002862.1815926
Tinzaparin,2024-10-01,3.052388515315359,-258002855.83066908,258002861.9354461
Tinzaparin,2024-11-01,3.4316560222768824,-258002855.45140156,258002862.31471363
Tinzaparin,2024-12-01,3.2755095236691925,-258002855.60754806,258002862.15856713
Tinzaparin,2025-01-01,3.183530391456959,-285096420.6234268,285096426.9904876
Tinzaparin,2025-02-01,3.4982429532979618,-295792137.13188994,295792144.1283759
Tinzaparin,2025-03-01,3.3710367682562867,-307595489.1748226,307595495.91689616
Tinzaparin,2025-04-01,3.2877757619222314,-307595489.25808364,307595495.83363515
Tinzaparin,2025-05-01,3.385762506035696,-307595489.1600969,307595495.9316219
Tinzaparin,2025-06-01,3.4031103047688873,-307595489.1427491,307595495.9489697
Tinzaparin,2025-07-01,3.246280890163852,-307595489.2995785,307595495.7921403
Tinzaparin,2025-08-01,2.8910066279432605,-307595489.65485275,307595495.43686604
Tinzaparin,2025-09-01,3.302073536512595,-307595489.24378586,307595495.84793293
Tinzaparin,2025-10-01,3.0562808901638556,-307595489.4895785,307595495.6021403
Tinzaparin,2025-11-01,3.43731765842015,-307595489.1085417,307595495.98317707
Tinzaparin,2025-12-01,3.2815250120714152,-307595489.2643344,307595495.8273844
Tinzaparin,2026-01-01,3.18498708009926,-329684103.42220837,329684109.7921825
Tinzaparin,2026-02-01,3.498719761323698,-338578341.48249996,338578348.47993946
Tinzaparin,2026-03-01,3.3705757452103966,-348494694.0277706,348494700.76892203
Tinzaparin,2026-04-01,3.2843180890780523,-348494694.1140282,348494700.6826644
Tinzaparin,2026-05-01,3.3849787668576825,-348494694.01336753,348494700.7833251
Tinzaparin,2026-06-01,3.4017272356312156,-348494693.99661905,348494700.80007356
Tinzaparin,2026-07-01,3.245266639462893,-348494694.1530797,348494700.6436129
Tinzaparin,2026-08-01,2.8896696611101778,-348494694.50867665,348494700.28801596
Tinzaparin,2026-09-01,3.3011514904208137,-348494694.0971948,348494700.6994978
Tinzaparin,2026-10-01,3.0552666394628964,-348494694.3430797,348494700.4536129
Tinzaparin,2026-11-01,3.4358423846733004,-348494693.9625039,348494700.8341887
Tinzaparin,2026-12-01,3.2799575337153875,-348494694.1183888,348494700.67830384
Tinzaparin,2027-01-01,3.1846075052807907,-368361271.1729105,368361277.5421255
Tinzaparin,2027-02-01,3.4985955176695924,-376435011.39674854,376435018.3939396
Tinzaparin,2027-03-01,3.3706958757131495,-385481992.157972,385481998.89936376
Tinzaparin,2027-04-01,3.285219067848699,-385481992.2434488,385481998.81388694
Tinzaparin,2027-05-01,3.3851829887123626,-385481992.1434849,385481998.91385084
Tinzaparin,2027-06-01,3.4020876271394744,-385481992.12658024,385481998.9307555
Tinzaparin,2027-07-01,3.245530926568949,-385481992.28313696,385481998.7741988
Tinzaparin,2027-08-01,2.890018039568161,-385481992.6386498,385481998.4186859
Tinzaparin,2027-09-01,3.3013917514263196,-385481992.2272761,385481998.83005965
Tinzaparin,2027-10-01,3.0555309265689528,-385481992.47313696,385481998.5841988
Tinzaparin,2027-11-01,3.4362268022821096,-385481992.0924411,385481998.96489465
Tinzaparin,2027-12-01,3.2803659774247476,-385481992.24830186,385481998.8090339
Tinzaparin,2028-01-01,3.1847064125136972,-403478366.5655392,403478372.93495196
Tinzaparin,2028-02-01,3.498627892304146,-410840488.904648,410840495.9019038
Tinzaparin,2028-03-01,3.3706645728578577,-419120650.7431055,419120657.48443466
Tinzaparin,2028-04-01,3.2849842964340112,-419120650.8287858,419120657.39875436
Tinzaparin,2028-05-01,3.3851297738583668,-419120650.7286403,419120657.4988998
Tinzaparin,2028-06-01,3.4019937185735993,-419120650.7117764,419120657.51576376
Tinzaparin,2028-07-01,3.2454620602873074,-419120650.868308,419120657.3592321
Tinzaparin,2028-08-01,2.889927261287815,-419120651.2238428,419120657.00369734
Tinzaparin,2028-09-01,3.301329145715736,-419120650.81244093,419120657.4150992
Tinzaparin,2028-10-01,3.055462060287311,-419120651.058308,419120657.16923213
Tinzaparin,2028-11-01,3.436126633145176,-419120650.6776434,419120657.5498967
Tinzaparin,2028-12-01,3.2802595477167555,-419120650.8335105,419120657.3940296
Tinzaparin,2029-01-01,3.1846806398853635,-435742764.600731,435742770.9700923
Tinzaparin,2029-02-01,3.4986194563242963,-442573842.00817984,442573849.0054187
Tinzaparin,2029-03-01,3.3706727295601686,-450276853.1204432,450276859.86178863
Tinzaparin,2029-04-01,3.285045471701343,-450276853.2060705,450276859.7761614
Tinzaparin,2029-05-01,3.3851436402522954,-450276853.1059723,450276859.87625957
Tinzaparin,2029-06-01,3.402018188680532,-450276853.08909774,450276859.8931341
Tinzaparin,2029-07-01,3.2454800050323915,-450276853.2456359,450276859.7365959
Tinzaparin,2029-08-01,2.889950915724517,-450276853.601165,450276859.38106686
Tinzaparin,2029-09-01,3.3013454591203577,-450276853.18977046,450276859.7924614
Tinzaparin,2029-10-01,3.055480005032395,-450276853.4356359,450276859.54659593
Tinzaparin,2029-11-01,3.436152734592571,-450276853.0549632,450276859.9272687
Tinzaparin,2029-12-01,3.280287280504613,-450276853.21082866,450276859.7714032
Tinzaparin,2030-01-01,3.1846873555557114,-465785315.1191148,465785321.48848957
Tinzaparin,2030-02-01,3.4986216545191797,-472180659.1050874,472180666.1023307
Tinzaparin,2030-03-01,3.3706706041376804,-479406716.184838,479406722.92617923
Tinzaparin,2030-04-01,3.28502953103268,-479406716.2704791,479406722.84053814
Tinzaparin,2030-05-01,3.385140027034065,-479406716.1703686,479406722.9406486
Tinzaparin,2030-06-01,3.402011812413067,-479406716.1534968,479406722.9575204
Tinzaparin,2030-07-01,3.245475329102917,-479406716.31003326,479406722.80098397
Tinzaparin,2030-08-01,2.8899447519993005,-479406716.6655639,479406722.44545335
Tinzaparin,2030-09-01,3.301341208275381,-479406716.2541674,479406722.85684985
Tinzaparin,2030-10-01,3.0554753291029204,-479406716.50003326,479406722.61098397
Tinzaparin,2030-11-01,3.436145933240608,-479406716.11936265,479406722.9916546
Tinzaparin,2030-12-01,3.280280054068152,-479406716.27522856,479406722.83578867
Warfarin,2023-01-01,0.03912948857453756,0.021717406870133602,0.05654157027894152
Warfarin,2023-02-01,0.03827792190262163,0.013919993783569548,0.06263585002167371
Warfarin,2023-03-01,0.03744488769364185,0.007933090811251202,0.06695668457603249
Warfarin,2023-04-01,0.03662998262958002,0.002916026883324249,0.07034393837583579
Warfarin,2023-05-01,0.03583281216974151,-0.001461654252034282,0.0731272785915173
Warfarin,2023-06-01,0.03505299035973627,-0.005371975129469027,0.07547795584894157
Warfarin,2023-07-01,0.034290139644616885,-0.00891870062761066,0.07749897991684443
Warfarin,2023-08-01,0.03354389068608334,-0.01217050862983543,0.07925829000200212
Warfarin,2023-09-01,0.03281388218366587,-0.015175873519650378,0.08080363788698211
Warfarin,2023-10-01,0.032099760699799376,-0.017970668481176955,0.08217018988077571
Warfarin,2023-11-01,0.03140118048870474,-0.02058242425007449,0.08338478522748397
Warfarin,2023-12-01,0.03071780332899409,-0.02303288660291076,0.08446849326089895
Warfarin,2024-01-01,0.03004929835991915,-0.02533963810777737,0.08543823482761567
Warfarin,2024-02-01,0.029395341921183163,-0.027517172620687397,0.08630785646305372
Warfarin,2024-03-01,0.028755617396239035,-0.029577633410210174,0.08708886820268824
Warfarin,2024-04-01,0.02812981505899772,-0.031531335838422984,0.08779096595641842
Warfarin,2024-05-01,0.027517631923872642,-0.0333871471792927,0.08842241102703799
Warfarin,2024-06-01,0.02691877159908761,-0.03515276885125325,0.08899031204942846
Warfarin,2024-07-01,0.026332944143177116,-0.0368349502582318,0.08950083854458604
Warfarin,2024-08-01,0.025759865924609614,-0.03843965361175489,0.08995938546097412
Warfarin,2024-09-01,0.02519925948446578,-0.039972182916940636,0.0903707018858722
Warfarin,2024-10-01,0.024650853402105273,-0.04143728629486549,0.09073899309907604
Warfarin,2024-11-01,0.024114382163756963,-0.0428392381511409,0.09106800247865482
Warfarin,2024-12-01,0.023589586033969007,-0.04418190589360818,0.09136107796154619
Warfarin,2025-01-01,0.023076210929856525,-0.04546880465153967,0.09162122651125272
Warfarin,2025-02-01,0.02257400829808599,-0.04670314256780807,0.09185115916398005
Warfarin,2025-03-01,0.022082734994536793,-0.04788785860484693,0.09205332859392051
Warfarin,2025-04-01,0.021602153166581702,-0.04902565434708815,0.09222996068025156
Warfarin,2025-05-01,0.021132030137929227,-0.050119020945231886,0.09238308122109035
Warfarin,2025-06-01,0.020672138295972125,-0.05117026209623693,0.09251453868818119
Warfarin,2025-07-01,0.02022225498158754,-0.05218151376330708,0.09262602372648217
Warfarin,2025-08-01,0.01978216238133537,-0.05315476119565879,0.09271908595832953
Warfarin,2025-09-01,0.019351647422002724,-0.05409185369666451,0.09279514854066996
Warfarin,2025-10-01,0.01893050166744337,-0.054994517502615775,0.09285552083750251
Warfarin,2025-11-01,0.01851852121766224,-0.05586436706671583,0.09290140950204032
Warfarin,2025-12-01,0.018115506610096147,-0.05670291498951498,0.09293392820970726
Warfarin,2026-01-01,0.01772126272304292,-0.05751158079452583,0.09295410624061166
Warfarin,2026-02-01,0.017335598681192155,-0.058291698713732784,0.09296289607611709
Warfarin,2026-03-01,0.01695832776321192,-0.059044524620273126,0.09296118014669696
Warfarin,2026-04-01,0.016589267311346596,-0.05977124222330668,0.09294977684599987
Warfarin,2026-05-01,0.01622823864298215,-0.06047296862191966,0.09292944590788395
Warfarin,2026-06-01,0.015875066964135973,-0.06115075929999646,0.0929008932282684
Warfarin,2026-07-01,0.015529581284829428,-0.0618056126316866,0.09286477520134545
Warfarin,2026-08-01,0.015191614336302135,-0.06243847395689045,0.09282170262949471
Warfarin,2026-09-01,0.014861002490027883,-0.06305023927768448,0.09277224425774024
Warfarin,2026-10-01,0.014537585678493005,-0.06364175861949002,0.09271692997647603
Warfarin,2026-11-01,0.014221207317698822,-0.0642138390948066,0.09265625373020425
Warfarin,2026-12-01,0.013911714231350649,-0.06476724770228091,0.09259067616498222
Warfarin,2027-01-01,0.013608956576696668,-0.06530271388960221,0.09252062704299555
Warfarin,2027-02-01,0.01331278777198075,-0.0658209319050747,0.0924465074490362
Warfarin,2027-03-01,0.013023064425474101,-0.06632256295960896,0.09236869181055717
Warfarin,2027-04-01,0.012739646266051384,-0.0668082372182117,0.09228752975031447
Warfarin,2027-05-01,0.012462396075277693,-0.06727855563776436,0.09220334778831973
Warfarin,2027-06-01,0.012191179620973503,-0.06773409166590781,0.09211645090785482
Warfarin,2027-07-01,0.011925865592225445,-0.06817539281414303,0.09202712399859392
Warfarin,2027-08-01,0.011666325535811402,-0.06860298211677718,0.09193563318839998
Warfarin,2027-09-01,0.0114124337940092,-0.06901735948605622,0.09184222707407463
Warfarin,2027-10-01,0.011164067443758733,-0.06941900297270187,0.09174713786021935
Warfarin,2027-11-01,0.010921106237148101,-0.06980836994008721,0.09165058241438342
Warfarin,2027-12-01,0.010683432543194937,-0.07018589815942468,0.09155276324581456
Warfarin,2028-01-01,0.010450931290894725,-0.07055200683258181,0.09145386941437125
Warfarin,2028-02-01,0.010223489913508554,-0.0709070975484729,0.09135407737548999
Warfarin,2028-03-01,0.010000998294063323,-0.07125155517838623,0.09125355176651288
Warfarin,2028-04-01,0.00978334871203801,-0.07158574871508384,0.09115244613915986
Warfarin,2028-05-01,0.0095704357912102,-0.07191003206004894,0.09105090364246933
Warfarin,2028-06-01,0.00936215644863762,-0.07222474476284473,0.09094905766011997
Warfarin,2028-07-01,0.00915840984474997,-0.07253021271618212,0.09084703240568207
Warfarin,2028-08-01,0.008959097334526907,-0.07282674880996734,0.09074494347902115
Warfarin,2028-09-01,0.008764122419738512,-0.07311465354730776,0.09064289838678477
Warfarin,2028-10-01,0.008573390702225164,-0.07339421562519356,0.0905409970296439
Warfarin,2028-11-01,0.008386809838194152,-0.07366571248233691,0.09043933215872521
Warfarin,2028-12-01,0.00820428949351093,-0.07392941081644039,0.09033798980346225
Warfarin,2029-01-01,0.008025741299963361,-0.07418556707297552,0.09023704967290225
Warfarin,2029-02-01,0.007851078812477763,-0.07443442790738157,0.0901365855323371
Warfarin,2029-03-01,0.007680217467266063,-0.07467623062243947,0.0900366655569716
Warfarin,2029-04-01,0.007513074540883779,-0.074911203582436,0.08993735266420355
Warfarin,2029-05-01,0.007349569110179021,-0.07513956660560621,0.08983870482596425
Warfarin,2029-06-01,0.007189622013113104,-0.07536153133622717,0.08974077536245337
Warfarin,2029-07-01,0.007033155810433823,-0.07557730159763111,0.08964361321849874
Warfarin,2029-08-01,0.006880094748182818,-0.07578707372731108,0.08954726322367673
Warfarin,2029-09-01,0.006730364721018885,-0.07599103689520523,0.089451766337243
Warfarin,2029-10-01,0.006583893236339478,-0.07618937340616656,0.08935715987884553
Warfarin,2029-11-01,0.006440609379183017,-0.07638225898755308,0.08926347774591911
Warfarin,2029-12-01,0.006300443777895032,-0.0765698630628059,0.08917075061859596
Warfarin,2030-01-01,0.006163328570541498,-0.07675234901182366,0.08907900615290666
Warfarin,2030-02-01,0.006029197372053111,-0.0769298744188846,0.08898826916299082
Warfarin,2030-03-01,0.005897985242084601,-0.07710259130881725,0.08889856179298644
Warfarin,2030-04-01,0.005769628653573513,-0.07727064637207343,0.08880990367922045
Warfarin,2030-05-01,0.005644065461983232,-0.07743418117931414,0.0887223121032806
Warfarin,2030-06-01,0.005521234875215373,-0.07759333238607859,0.08863580213650933
Warfarin,2030-07-01,0.0054010774241769555,-0.07774823192807036,0.08855038677642428
Warfarin,2030-08-01,0.005283534933988123,-0.07789900720756034,0.0884660770755366
Warfarin,2030-09-01,0.005168550495816457,-0.07804578127137465,0.08838288226300756
Warfarin,2030-10-01,0.005056068439324262,-0.07818867298090683,0.08830080985955537
Warfarin,2030-11-01,0.004946034305715466,-0.07832779717456664,0.08821986578599758
Warfarin,2030-12-01,0.004838394821369103,-0.07846326482305223,0.08814005446579044
